sortOrder,concept_id,level_curated,parent_id,en_label,id_key,is_active,L0_en,L0_ru,L0_zh,L0_kk,L0_ky,L0_tg,L0_tk,L0_uz,H1_en,H1_ru,H1_zh,H1_kk,H1_ky,H1_tg,H1_tk,H1_uz,H2_en,H2_ru,H2_zh,H2_kk,H2_ky,H2_tg,H2_tk,H2_uz,H3_en,H3_ru,H3_zh,H3_kk,H3_ky,H3_tg,H3_tk,H3_uz,H4_en,H4_ru,H4_zh,H4_kk,H4_ky,H4_tg,H4_tk,H4_uz,Notes_en,Notes_ru,Notes_zh,Notes_kk,Notes_ky,Notes_tg,Notes_tk,Notes_uz,trail_uk,trail_russian,trail_chinese,join_key_norm
1,,,,,,,Site types,Типы объектов,,Нысан түрлері,,,Ýadygärlikleriň görnüşleri,,,,,,,,,,,,,,,,,,,,,,,,,,,,,,,,,,"Monument, site and landscape types for CAAL","Типы памятников, участков и ландшафтов для CAAL",CAAL古迹、遗址及景观类型,"CAAL үшін ескерткіштер, учаскелер және ландшафт түрлері","CAAL үчүн эстелик, жер жана пейзаж түрлөрү","Намудҳои ёдгориҳо, минтақаҳо ва манзараҳо барои CAAL","CAAL üçin ýadygärlikleriň, uçastoklaryň we landşaftlaryň görnüşleri","CAAL uchun yodgorlik, hudud va landshaft turlari",,,,
2,MT-1-0001,L1,,Administrative,L1|Administrative|NA,True,Site types,Типы объектов,,Нысан түрлері,,,Ýadygärlikleriň görnüşleri,,Administrative,Административный,管理机构,Әкімшілік,Административдик,Маъмурӣ,Administratiw,Ma’muriy,,,,,,,,,,,,,,,,,,,,,,,,,,,,,,,,,,,,L1|Administrative|NA
3,MT-2-0026,L2,MT-1-0001,Customs post,L2|Customs post|Administrative,True,Site types,Типы объектов,,Нысан түрлері,,,Ýadygärlikleriň görnüşleri,,Administrative,Административный,管理机构,Әкімшілік,Административдик,Маъмурӣ,Administratiw,Ma’muriy,Customs post,Таможенный пост,海关邮政,Әкімшілік,Бажы бекети,Маъмурӣ,Gümrük posty,Ma'muriy,,,,,,,,,,,,,,,,,,,,,,,,,,,,L2|Customs post|Administrative
4,MT-2-0050,L2,MT-1-0001,Government offices,L2|Government offices|Administrative,True,Site types,Типы объектов,,Нысан түрлері,,,Ýadygärlikleriň görnüşleri,,Administrative,Административный,管理机构,Әкімшілік,Административдик,Маъмурӣ,Administratiw,Ma’muriy,Government offices,Правительственные здания,政府办公室,Үкіметтік ғимараттар,Өкмөттүк мекемелер,Биноҳои ҳукуматӣ,Döwlet edaralary,Ma'muriy bino / hukumat binosi / hukmdor qarorgohi,,,,,,,,,,,,,,,,,,,,,,,,,,,,L2|Government offices|Administrative
5,MT-2-0085,L2,MT-1-0001,Official residence,L2|Official residence|Administrative,True,Site types,Типы объектов,,Нысан түрлері,,,Ýadygärlikleriň görnüşleri,,Administrative,Административный,管理机构,Әкімшілік,Административдик,Маъмурӣ,Administratiw,Ma’muriy,Official residence,Официальная резиденция,官邸,Ресми резиденция,Расмий резиденция,Иқоматгоҳи расмӣ,Resmi rezidensiýa,Rasmiy qarorgoh,,,,,,,,,,,,,,,,,,,,,,,,,,,,L2|Official residence|Administrative
6,MT-1-0002,L1,,Agriculture and subsistence,L1|Agriculture and subsistence|NA,True,Site types,Типы объектов,,Нысан түрлері,,,Ýadygärlikleriň görnüşleri,,Agriculture and subsistence,Сельское хозяйство и проживание ,农业与生业,Ауыл шаруашылығы және тұруы,Айыл чарбасы жана жашоо,Хоҷагии қишлоқ ва маишат,Oba hojalyk we eklenç,Qishloq xo‘jaligi va turmush,,,,,,,,,,,,,,,,,,,,,,,,,This is the top term for the class.,Это главный термин для класса.,此词条为该分类第一条。,Бұл сыныптың негізгі термині.,Бул класс үчүн эң негизги термин.,Ин истилоҳи асосӣ барои ин синф аст.,Bu synp üçin iň ýokary termin.,Bu sinfning asosiy atamasi.,,,,L1|Agriculture and subsistence|NA
7,MT-2-0004,L2,MT-1-0002,Barn,L2|Barn|Agriculture and subsistence,True,Site types,Типы объектов,,Нысан түрлері,,,Ýadygärlikleriň görnüşleri,,Agriculture and subsistence,Сельское хозяйство и проживание,农业与生业,Ауыл шаруашылығы және тұруы,Айыл чарбасы жана жашоо,Хоҷагии қишлоқ ва маишат,Oba hojalyk we eklenç,Qishloq xo‘jaligi va turmush,Barn,Амбар,谷仓,Астық қоймасы,Кампа,Анбор,Ammar,Ombor,,,,,,,,,,,,,,,,,"A building for the storage and processing of crops and for housing straw, farm equipment, and occasionally livestock and their fodder.","Здание для хранения и переработки сельскохозяйственных культур, а также для размещения соломы, сельскохозяйственного оборудования, а иногда и домашнего скота и его кормов.",用作存储和加工庄稼、存放稻草、农具的建筑，有时也会用于安置牲畜和饲料。,"Ауыл шаруашылығы дақылдарын сақтауға, өңдеуге, сонымен қатар сабан, ауыл шаруашылығы құрал-жабдықтары, ал кейде мал мен оның азығын орналастыруға арналған ғимарат.","Өсүмдүктөрдү сактоо жана кайра иштетүү, ошондой эле саман, айыл чарба шаймандары, кээде мал жана анын тоюттарын жайгаштыруу үчүн имарат.","Бино барои нигоҳдорӣ ва коркарди зироатҳо, инчунин коҳ, техникаи кишоварзӣ ва баъзан чорво ва хӯроки онҳо.","Ekinleri saklamak we gaýtadan işlemek, saman, ferma enjamlary, käwagt mallar we ot-iýmler üçin bina.","Hosilni saqlash va qayta ishlash, shuningdek, somon, dehqonchilik asboblari va ba'zida mollarni va ularning ozuqasini joylashtirish uchun mo‘ljallangan bino.",,,,L2|Barn|Agriculture and subsistence
8,MT-2-0032,L2,MT-1-0002,Ditch,L2|Ditch|Agriculture and subsistence,True,Site types,Типы объектов,,Нысан түрлері,,,Ýadygärlikleriň görnüşleri,,Agriculture and subsistence,Сельское хозяйство и проживание,农业与生业,Ауыл шаруашылығы және тұруы,Айыл чарбасы жана жашоо,Хоҷагии қишлоқ ва маишат,Oba hojalyk we eklenç,Qishloq xo‘jaligi va turmush,Ditch,Ров,沟渠,Ор,Капчыгай,Хандақ,Ýap,Ariq / xandaq,,,,,,,,,,,,,,,,,"A long and narrow hollow or trench dug in the ground, often used to carry water, though it may be dry for part of the year. Often for drainage or irrigation of fields. Can also be boundary marker.","Длинная и узкая впадина или траншея, вырытая в земле, часто используется для хранение воды, хотя в некоторое время года она может быть сухой. Часто для осушения или орошения полей. Также может быть пограничным маркером.",地面开凿的狭长空洞或沟，常用于输水，一年当中部分时间或许是干涸的。常用于农田的排水或灌溉。也可以当作是边界的标记。,"Жерге қазылған ұзын және тар ойыс немесе ор,  арық, әдетте суды сақтау үшін пайдаланылады, бірақ жылдың белгілі бір кезеңдерінде құрғап қалуы мүмкін. Көп жағдайда егістікті суару немесе құрғатуға арналған. Сондай-ақ, шекаралық белгі ретінде пайдаланылуы мүмкін.","Узун жана кууш ойдуң жер же болбосо жерде казылган траншея, көбүнчө сууну сактоо үчүн колдонулат, бирок жылдын бир мезгилинде кургак болушу мүмкүн. Көбүнчө талааларды кургатуу же сугаруу үчүн. Ошондой эле чек ара белгиси болушу мүмкүн.","Чоҳи дароз ва танг ё хандақи дар замин кофташуда аксар вақт барои захира кардани об истифода мешавад, гарчанде ки он метавонад дар баъзе вақтҳои сол хушк бошад. Аксар вақт барои қоқкунии в ё обёрии заминҳо истифода мешавад. Он инчунин метавонад аломати сарҳадӣ бошад.","Ýerde gazylan uzyn we dar çukur ýa-da ýap, ýylyň bir bölegi gurak bolsa-da, köplenç suw akdyrmak/geçirmek üçin ulanylýar. Köplenç ekin meýdanlaryny drenaž etmek ýa-da suwarmak üçin. Şeýle hem serhet belligi bolup biler.","Yerda qazilgan uzun va tor chuqurlik yoki xandaq, ko‘pincha suv tashish uchun ishlatiladi, lekin u yilning bir qismida quruq bo‘lishi mumkin. Ko‘pincha dalalarni drenajlash yoki sug‘orish uchun. Chegara belgisi ham bo‘lishi mumkin.",,,,L2|Ditch|Agriculture and subsistence
9,MT-2-0033,L2,MT-1-0002,Ditched enclosure,L2|Ditched enclosure|Agriculture and subsistence,True,Site types,Типы объектов,,Нысан түрлері,,,Ýadygärlikleriň görnüşleri,,Agriculture and subsistence,Сельское хозяйство и проживание,农业与生业,Ауыл шаруашылығы және тұруы,Айыл чарбасы жана жашоо,Хоҷагии қишлоқ ва маишат,Oba hojalyk we eklenç,Qishloq xo‘jaligi va turmush,Ditched enclosure,Углубленное ограждение,沟渠围场,Тереңдетілген қоршау,Тереңдетилген тосмо,Девораки хандақ,Çukur aýmança,Xandaq,,,,,,,,,,,,,,,,,An area of land enclosed by one or several boundary ditches.,"Участок земли, окруженный одним или несколькими пограничными канавами.",以一个或多个沟渠为边界，被包围在内的区域。,Бір немесе бірнеше шекаралық арықтармен қоршалған жер учаскесі.,Бир же бир нече чек ара арыктары менен курчалган жер тилкеси.,"Қитъаи замин, ки бо як ё якчанд ҷӯйҳои сарҳадӣ иҳота шудааст.",Bir ýa-da birnäçe araçäk çukurlary bilen gurşalan ýer bölegi.,Bir yoki bir nechta chegara ariqlari bilan o‘ralgan yer maydoni.,,,,L2|Ditched enclosure|Agriculture and subsistence
10,MT-2-0036,L2,MT-1-0002,Enclosure,L2|Enclosure|Agriculture and subsistence,True,Site types,Типы объектов,,Нысан түрлері,,,Ýadygärlikleriň görnüşleri,,Agriculture and subsistence,Сельское хозяйство и проживание,农业与生业,Ауыл шаруашылығы және тұруы,Айыл чарбасы жана жашоо,Хоҷагии қишлоқ ва маишат,Oba hojalyk we eklenç,Qishloq xo‘jaligi va turmush,Enclosure,Ограда,环围遗址,Қоршау,Тосмо,"Деворак, Ҳисор",Haýat,to‘siq / chegaralangan joy,,,,,,,,,,,,,,,,,,,,,,,,,,,,L2|Enclosure|Agriculture and subsistence
11,MT-2-0038,L2,MT-1-0002,Farm house,L2|Farm house|Agriculture and subsistence,True,Site types,Типы объектов,,Нысан түрлері,,,Ýadygärlikleriň görnüşleri,,Agriculture and subsistence,Сельское хозяйство и проживание,农业与生业,Ауыл шаруашылығы және тұруы,Айыл чарбасы жана жашоо,Хоҷагии қишлоқ ва маишат,Oba hojalyk we eklenç,Qishloq xo‘jaligi va turmush,Farm house,Сельский дом,农舍,Ауыл үйі,айылдык үй,Хонаи рустоӣ,Oba jaýy,qishloq uyi / dala hovli,,,,,,,,,,,,,,,,,"The main dwelling-house of a farm, it can be either detached from or attached to the working buildings.",,,"Ферманың негізгі тұрғын үйі, ол жеке немесе жұмыс ғимараттарына жалғасқан болуы мүмкін.","Ферманын негизги турак-үйү, ал Жумушчу имараттардан бөлүнүп же тиркелиши мүмкүн.","Хонаи истиқоматии асосии ферма, он аз биноҳои корӣ ҷудо ва ё ба он вобаста карда мешавад.","Fermanyň esasy ýaşaýyş jaýy, ol işçi binalardan aýra ýa-da berkidilen bolup biler.","Ferma xo‘jaligining asosiy turar-joyi, u ishchi binolardan ajratilishi yoki biriktirilishi mumkin.",,,,L2|Farm house|Agriculture and subsistence
12,MT-2-0039,L2,MT-1-0002,Fence,L2|Fence|Agriculture and subsistence,True,Site types,Типы объектов,,Нысан түрлері,,,Ýadygärlikleriň görnüşleri,,Agriculture and subsistence,Сельское хозяйство и проживание,农业与生业,Ауыл шаруашылығы және тұруы,Айыл чарбасы жана жашоо,Хоҷагии қишлоқ ва маишат,Oba hojalyk we eklenç,Qishloq xo‘jaligi va turmush,Fence,Ограда,栅栏,Шарбақ,Тосмо,Девор,Haýat,to‘siq,,,,,,,,,,,,,,,,,"A construction used to enclose an area of land, a building plot, etc.",,,"Жер учаскесін, құрылыс алаңын және т.б. қоршауға арналған құрылыс.","Жер аянтын курчап турган курулуш, курулуш участогу ж.б.","Сохтмоне, ки барои иҳота кардани майдони замин, қитъаи бино ва ғайра истифода мешавад.","Ýer bölegini, gurluşyk ýerini we ş.m. gurşamak üçin ulanylýan bina.","Yer maydonini, qurilish hududi va boshqalarni o‘rab olish uchun ishlatiladigan qurilma.",,,,L2|Fence|Agriculture and subsistence
13,MT-2-0040,L2,MT-1-0002,Field boundary,L2|Field boundary|Agriculture and subsistence,True,Site types,Типы объектов,,Нысан түрлері,,,Ýadygärlikleriň görnüşleri,,Agriculture and subsistence,Сельское хозяйство и проживание,农业与生业,Ауыл шаруашылығы және тұруы,Айыл чарбасы жана жашоо,Хоҷагии қишлоқ ва маишат,Oba hojalyk we eklenç,Qishloq xo‘jaligi va turmush,Field boundary,Граница поля,农田边界,Егістік шекарасы,Талаа чеги,Сарҳади майдон,Meýdanyň çägi,Maydon chegarasi,,,,,,,,,,,,,,,,,The limits of a field.,,,Егістік шекарасы.,Талаанын чеги.,Ҳудуди майдон.,Meýdanyň çäkleri.,Maydon chegaralari.,,,,L2|Field boundary|Agriculture and subsistence
14,MT-2-0065,L2,MT-1-0002,Irrigation,L2|Irrigation|Agriculture and subsistence,True,Site types,Типы объектов,,Нысан түрлері,,,Ýadygärlikleriň görnüşleri,,Agriculture and subsistence,Сельское хозяйство и проживание,农业与生业,Ауыл шаруашылығы және тұруы,Айыл чарбасы жана жашоо,Хоҷагии қишлоқ ва маишат,Oba hojalyk we eklenç,Qishloq xo‘jaligi va turmush,Irrigation,Ирригация,灌溉,Суару жүйесі,Сугат,Обёрӣ,Suwaryş desgasy,Sug‘orish / Sug‘orish tizimi,,,,,,,,,,,,,,,,,Ditch or channel used for irrigation.,,,Суару үшін пайдаланылатын ор немесе канал.,Сугат үчүн колдонулган арык же канал.,"Хандақ ва ё канале, ки барои обёрӣ истифода мешавад.",Suwaryş üçin ulanylýan ýap ýa-da kanal.,Sug‘orish uchun ishlatiladigan ariq yoki kanal.,,,,L2|Irrigation|Agriculture and subsistence
15,MT-2-0084,L2,MT-1-0002,Oasis,L2|Oasis|Agriculture and subsistence,True,Site types,Типы объектов,,Нысан түрлері,,,Ýadygärlikleriň görnüşleri,,Agriculture and subsistence,Сельское хозяйство и проживание,农业与生业,Ауыл шаруашылығы және тұруы,Айыл чарбасы жана жашоо,Хоҷагии қишлоқ ва маишат,Oba hojalyk we eklenç,Qishloq xo‘jaligi va turmush,Oasis,Оазис,绿洲,Оазис,Оазис,Воҳа,Oazis,Voha,,,,,,,,,,,,,,,,,"Area of irrigated/fertile land, in a desert or semi-desert environment.",,,Шөлді немесе жартылай шөлді ортадағы суармалы/құнарлы жер учаскесі.,"Сугат/түшүмдүү жер аянты, чөл же жарым чөл чөйрөсүндө.","Масоҳати заминҳои обёришаванда/ҳосилхез, дар муҳити биёбон ё нимбиёбон.",Çöl ýa-da ýarym çöl sredasynda suwarymly / hasylly ýer meýdany.,Cho‘l yoki yarim cho‘l muhitida sug‘oriladigan / unumdor yer maydoni.,,,,L2|Oasis|Agriculture and subsistence
16,MT-1-0003,L1,,Archaeological feature,L1|Archaeological feature|NA,True,Site types,Типы объектов,,Нысан түрлері,,,Ýadygärlikleriň görnüşleri,,Archaeological feature,Археологическая черта,考古特征,Археологиялық шекара,Археологиялык өзгөчөлүк,Соҳаи бостоншиносӣ,Arheologiki aýratynlyk,Arxeologik xususiyat,,,,,,,,,,,,,,,,,,,,,,,,,,,,,,,,,,,,L1|Archaeological feature|NA
17,MT-2-0009,L2,MT-1-0003,Building,L2|Building|Archaeological feature,True,Site types,Типы объектов,,Нысан түрлері,,,Ýadygärlikleriň görnüşleri,,Archaeological feature,Археологическая черта,考古特征,Археологиялық шекара,Археологиялык өзгөчөлүк,Соҳаи бостоншиносӣ,Arheologiki aýratynlyk,Arxeologik xususiyat,Building,Постройка,建筑,Құрылыс,Куруу,Бино,Bina,Qurilish,,,,,,,,,,,,,,,,,A structure with a roof to provide shelter from the weather for occupants or contents. Use specific type where known.,,,Адамдар мен ішіндегі мүлікті ауа райынан қорғауға арналған шатырлы құрылым. Белгілі болған жағдайда нақты түрін қолданыңыз,"Чатыры бар имарат, ал жерде жашоочулар же ичиндегилер үчүн аба ырайынан коргоочу жай болуп саналат.",Сохтор бо сақф барои паноҳгоҳ аз обу ҳаво барои сокинон.,Ýaşaýjylar ýa-da içindäki zatlar üçin howadan goramak  üçin üçekli gurluş. Belli bolsa belli bir görnüşi ulanyň.,Yo‘lovchilar uchun ob-havodan boshpana berish uchun tomga ega bo‘lgan inshoot. Ma‘lum bo‘lgan joyda maxsus turdan foydalaning.,,,,L2|Building|Archaeological feature
18,MT-2-0012,L2,MT-1-0003,Buried soil,L2|Buried soil|Archaeological feature,True,Site types,Типы объектов,,Нысан түрлері,,,Ýadygärlikleriň görnüşleri,,Archaeological feature,Археологическая черта,考古特征,Археологиялық шекара,Археологиялык өзгөчөлүк,Соҳаи бостоншиносӣ,Arheologiki aýratynlyk,Arxeologik xususiyat,Buried soil,Захороненная почва,埋藏土,Жерленген топырақ,Көмүлгөн топурак,Хоки мадфун,Gömülen toprak,Ko‘milgan tuproq (?),,,,,,,,,,,,,,,,,A soil profile buried beneath later deposits. A relict land surface.,"Горизонт почвы, похороненный под более поздними отложениями. Реликтовая поверхность земли (палеопочва). ",,Алдыңғы шөгінділердің астыңғы қабаттарында қалған топырақ горизонты. Жердің реликті беті (палеотопырақ).,Кийинки чөкмөлөрдүн астына көмүлгөн топурак горизонту. Жердин реликт бети (палео жер).,Уфуқи хок дар зери таҳшинҳои навтарин гӯр шудааст. Сатҳи реликти замин (палеохокҳо).,Soňraky çökündileriň aşagynda gömülen toprak tertibi. Relikt toprak ýüzi (paleo toprak).,Keyinchalik cho‘kindilar ostida ko‘milgan tuproq gorizonti. Yerning relikt yuzasi (qadimgi tuproq).,,,,L2|Buried soil|Archaeological feature
19,MT-2-0041,L2,MT-1-0003,Flat site,L2|Flat site|Archaeological feature,True,Site types,Типы объектов,,Нысан түрлері,,,Ýadygärlikleriň görnüşleri,,Archaeological feature,Археологическая черта,考古特征,Археологиялық шекара,Археологиялык өзгөчөлүк,Соҳаи бостоншиносӣ,Arheologiki aýratynlyk,Arxeologik xususiyat,Flat site,Плоский объект,平地,Жалпақ нысан,Жалпак объект,Объекти ҳамвор,Tekiz obýekt,Tekis joy ,,,,,,,,,,,,,,,,,,,,,,,,,,,,L2|Flat site|Archaeological feature
20,MT-2-0055,L2,MT-1-0003,Hearth,L2|Hearth|Archaeological feature,True,Site types,Типы объектов,,Нысан түрлері,,,Ýadygärlikleriň görnüşleri,,Archaeological feature,Археологическая черта,考古特征,Археологиялық шекара,Археологиялык өзгөчөлүк,Соҳаи бостоншиносӣ,Arheologiki aýratynlyk,Arxeologik xususiyat,Hearth,Очаг,灶台,Ошақ,Очок,Оташдон,Ojak,O‘choq,,,,,,,,,,,,,,,,,A place on which a fire is made.,"Место, на/в котором разводится огонь.",,От жағу орын.,Өрт куйгузучуу жай,"Ҷойе, ки дар он оташ меафкананд.",Ot ýakylýan ýer.,Olov yoqiladigan joy.,,,,L2|Hearth|Archaeological feature
21,MT-2-0071,L2,MT-1-0003,Low mound,L2|Low mound|Archaeological feature,True,Site types,Типы объектов,,Нысан түрлері,,,Ýadygärlikleriň görnüşleri,,Archaeological feature,Археологическая черта,考古特征,Археологиялық шекара,Археологиялык өзгөчөлүк,Соҳаи бостоншиносӣ,Arheologiki aýratynlyk,Arxeologik xususiyat,Low mound,Низкий бугор,低丘/土墩,Аласа төмпешік,Төмөн дөн,Теппаи паст,Pes depe,Kichik tepa,,,,,,,,,,,,,,,,,,,,,,,,,,,,L2|Low mound|Archaeological feature
22,MT-2-0087,L2,MT-1-0003,Oven,L2|Oven|Archaeological feature,True,Site types,Типы объектов,,Нысан түрлері,,,Ýadygärlikleriň görnüşleri,,Archaeological feature,Археологическая черта,考古特征,Археологиялық шекара,Археологиялык өзгөчөлүк,Соҳаи бостоншиносӣ,Arheologiki aýratynlyk,Arxeologik xususiyat,Oven,Печь,炉/灶/烘箱,Пеш,Меш ,Танӯр,Peç,Pech / O‘choq,,,,,,,,,,,,,,,,,"A brick, earth, stone or iron receptacle for baking bread or other food in.","Кирпичная, земляная, каменная или железная ниша, предназначенная для выпечки хлеба или другой еды внутри нее. ",,"Нан жабуға немесе басқа да тағамдарды пісіруге арналған кірпіштен, балшықтан, тастан немесе темірден жасалған ыдыс","Нан же башка тамак бышырууга арналган кирпич, топурак, таш же темирден жасалган атайын жай.","Хишт, хок, санг ё оҳан зарфе барои пухтани нон ё хӯроки дигар дар.","Çörek ýa-da beýleki iýmit bişirmek üçin kerpiç, toprak, daş ýa-da demir gap.","Non yoki boshqa ovqatlarni pishirish uchun g‘isht, tuproq, tosh yoki temirdan yasalgan idish.",,,,L2|Oven|Archaeological feature
23,MT-2-0092,L2,MT-1-0003,Pit,L2|Pit|Archaeological feature,True,Site types,Типы объектов,,Нысан түрлері,,,Ýadygärlikleriň görnüşleri,,Archaeological feature,Археологическая черта,考古特征,Археологиялық шекара,Археологиялык өзгөчөлүк,Соҳаи бостоншиносӣ,Arheologiki aýratynlyk,Arxeologik xususiyat,Pit,Яма,灰坑,Шұңқыр,Чуңкур,Чоҳ,Çukur,O‘ra,,,,,,,,,,,,,,,,,A hollow or indentation in a surface.,Полость или углубление на поверхности. ,,Бетіндегі қуыс немесе шұңқыр.,Жер бетиндеги тереңдик же көңдөй,Холигӣ ё чуқурӣ аз рӯи сатҳ.,Ýeriň ýüzündäki boşluk ýada çukurlyk.,Sirtdagi bo‘shliq yoki chuqurlik.,,,,L2|Pit|Archaeological feature
24,MT-2-0112,L2,MT-1-0003,Stray find,L2|Stray find|Archaeological feature,True,Site types,Типы объектов,,Нысан түрлері,,,Ýadygärlikleriň görnüşleri,,Archaeological feature,Археологическая черта,考古特征,Археологиялық шекара,Археологиялык өзгөчөлүк,Соҳаи бостоншиносӣ,Arheologiki aýratynlyk,Arxeologik xususiyat,Stray find,Случайная находка,零散发现,Кездейсоқ табылған зат,Кокустан табуу,Бозёфти тасодуфӣ,Tötän tapylan tapyndy,Tasodifiy topilma,,,,,,,,,,,,,,,,,,,,,,,,,,,,L2|Stray find|Archaeological feature
25,MT-2-0115,L2,MT-1-0003,Surface scatter,L2|Surface scatter|Archaeological feature,True,Site types,Типы объектов,,Нысан түрлері,,,Ýadygärlikleriň görnüşleri,,Archaeological feature,Археологическая черта,考古特征,Археологиялық шекара,Археологиялык өзгөчөлүк,Соҳаи бостоншиносӣ,Arheologiki aýratynlyk,Arxeologik xususiyat,Surface scatter,Сборы с поверхности или подъемный материал,表层散布,Беткі қабаттан жиналған материал,Жер үстүндөгү жыйымдар же көтөрүүчү материал,Маводи аз рӯу замин ёфташуда,Ýer üstündendäki materiallar,Yuzadan chiqqan topilma,,,,,,,,,,,,,,,,,,,,,,,,,,,,L2|Surface scatter|Archaeological feature
26,MT-3-0026,L3,MT-2-0115,Elevated depositional area,L3|Elevated depositional area|Surface scatter,True,Site types,Типы объектов,,Нысан түрлері,,,Ýadygärlikleriň görnüşleri,,Archaeological feature,Археологическая черта,考古特征,Археологиялық шекара,Археологиялык өзгөчөлүк,Соҳаи бостоншиносӣ,Arheologiki aýratynlyk,Arxeologik xususiyat,Surface scatter,Сборы с поверхности или подъемный материал,表层散布,Беткі қабаттан жиналған материал,Жер үстүндөгү жыйымдар же көтөрүүчү материал,Маводи аз рӯу замин ёфташуда,Ýer üstündendäki materiallar,Yuzadan chiqqan topilma,Elevated depositional area,Приподнятая зона отложений,高沉积区,Шөгінділердің көтеріңкі аймағы,Көтөрүлгөн чөкмө зонасы,Минтақаи баландшудаи таҳшинҳо,Galdyrylan çökündüli zona,Baland cho‘kindi maydoni,,,,,,,,,,,,,,,,,,,,L3|Elevated depositional area|Surface scatter
27,MT-3-0036,L3,MT-2-0115,Low-lying depositional area,L3|Low-lying depositional area|Surface scatter,True,Site types,Типы объектов,,Нысан түрлері,,,Ýadygärlikleriň görnüşleri,,Archaeological feature,Археологическая черта,考古特征,Археологиялық шекара,Археологиялык өзгөчөлүк,Соҳаи бостоншиносӣ,Arheologiki aýratynlyk,Arxeologik xususiyat,Surface scatter,Сборы с поверхности или подъемный материал,表层散布,Беткі қабаттан жиналған материал,Жер үстүндөгү жыйымдар же көтөрүүчү материал,Маводи аз рӯу замин ёфташуда,Ýer üstündendäki materiallar,Yuzadan chiqqan topilma,Low-lying depositional area,Низколежащая зона отложений,低沉积区,Шөгінділердің ойпатты аймағы,Чөкмөлөрдүн жапыз жаткан зонасы,Минтақаи пастшудаи таҳшинҳо,Pes çökündi zona,Past cho‘kindi maydoni,,,,,,,,,,,,,,,,,,,,L3|Low-lying depositional area|Surface scatter
28,MT-2-0124,L2,MT-1-0003,Wall,L2|Wall|Archaeological feature,True,Site types,Типы объектов,,Нысан түрлері,,,Ýadygärlikleriň görnüşleri,,Archaeological feature,Археологическая черта,考古特征,Археологиялық шекара,Археологиялык өзгөчөлүк,Соҳаи бостоншиносӣ,Arheologiki aýratynlyk,Arxeologik xususiyat,Wall,Стена,墙/城墙,Қабырға,Дубал,Девор,Diwar,Devor,,,,,,,,,,,,,,,,,,,,,,,,,,,,L2|Wall|Archaeological feature
29,MT-1-0004,L1,,Battlefield,L1|Battlefield|NA,True,Site types,Типы объектов,,Нысан түрлері,,,Ýadygärlikleriň görnüşleri,,Battlefield,Поле битвы,战场,Шайқас алаңы,Согуш талаасы,Майдони ҷанг,Söweş meýdany,Jang maydoni,,,,,,,,,,,,,,,,,,,,,,,,,An area of ground on which a battle or skirmish was fought.,"Область земли, на которой велась битва или  стычка.",发生过武力冲突、战斗的一片区域。,Соғыс немесе қақтығыс болған орын.,Согуш же атышуу болгон жер аянты.,"Минтақаи замине, ки дар он ҷанг ё задухӯрд сурат гирифтааст.",Söweş ýa-da çaknyşyk bolan ýeriň bölegi.,Jang yoki toʻqnashuv boʻlgan yer maydoni.,,,,L1|Battlefield|NA
30,MT-1-0005,L1,,Building complex,L1|Building complex|NA,True,Site types,Типы объектов,,Нысан түрлері,,,Ýadygärlikleriň görnüşleri,,Building complex,Комплекс,建筑群,Кешен,Комплекси,Маҷмааи сохтмонӣ,Binalar toplumy,Bino majmuasi,,,,,,,,,,,,,,,,,,,,,,,,,,,,,,,,,,,,L1|Building complex|NA
31,MT-1-0006,L1,,Cultural landscape,L1|Cultural landscape|NA,True,Site types,Типы объектов,,Нысан түрлері,,,Ýadygärlikleriň görnüşleri,,Cultural landscape,Культурный ландшафт,文化景观,Мәдени ландшафт,Маданий ландшафт,Манзараи фарҳангӣ,Medeni landşaft,Madaniy landshaft,,,,,,,,,,,,,,,,,,,,,,,,,,,,,,,,,,,,L1|Cultural landscape|NA
32,MT-1-0007,L1,,Defence,L1|Defence|NA,True,Site types,Типы объектов,,Нысан түрлері,,,Ýadygärlikleriň görnüşleri,,Defence,Оборонительные сооружения,防御,Қорғаныс құрылыстары,Коргонуу курулуштары,Сохторҳои муҳофизатӣ,Gorag,Mudofaa / Mudofaa inshooti,,,,,,,,,,,,,,,,,,,,,,,,,,,,,,,,,,,,L1|Defence|NA
33,MT-2-0003,L2,MT-1-0007,Barbican,L2|Barbican|Defence,True,Site types,Типы объектов,,Нысан түрлері,,,Ýadygärlikleriň görnüşleri,,Defence,Оборонительные сооружения,防御,Қорғаныс құрылыстары,Коргонуу курулуштары,Сохторҳои муҳофизатӣ,Gorag,Mudofaa / Mudofaa inshooti,Barbican,Барбикан,瓮城,Барбакан,Барбикан (турак жай комплекси) ,Барбикон,Barbikan,Barbikan (?) / Qal'a darvozasi,,,,,,,,,,,,,,,,,,,,,,,,,,,,L2|Barbican|Defence
34,MT-2-0016,L2,MT-1-0007,Castle,L2|Castle|Defence,True,Site types,Типы объектов,,Нысан түрлері,,,Ýadygärlikleriň görnüşleri,,Defence,Оборонительные сооружения,防御,Қорғаныс құрылыстары,Коргонуу курулуштары,Сохторҳои муҳофизатӣ,Gorag,Mudofaa / Mudofaa inshooti,Castle,Замок,城堡,Қамал,Замок/Сепил,Қаср,Köşk,Saroy / Qal'a,,,,,,,,,,,,,,,,,,,,,,,,,,,,L2|Castle|Defence
35,MT-2-0021,L2,MT-1-0007,City/town bastion,L2|City/town bastion|Defence,True,Site types,Типы объектов,,Нысан түрлері,,,Ýadygärlikleriň görnüşleri,,Defence,Оборонительные сооружения,防御,Қорғаныс құрылыстары,Коргонуу курулуштары,Сохторҳои муҳофизатӣ,Gorag,Mudofaa / Mudofaa inshooti,City/town bastion,Городской бастион,棱堡,Қалалық бастион,Шаардык бастион,Сангари шаҳр,Şäher bastiony,Shahar / qal'a,,,,,,,,,,,,,,,,,,,,,,,,,,,,L2|City/town bastion|Defence
36,MT-2-0023,L2,MT-1-0007,City/town wall,L2|City/town wall|Defence,True,Site types,Типы объектов,,Нысан түрлері,,,Ýadygärlikleriň görnüşleri,,Defence,Оборонительные сооружения,防御,Қорғаныс құрылыстары,Коргонуу курулуштары,Сохторҳои муҳофизатӣ,Gorag,Mudofaa / Mudofaa inshooti,City/town wall,Городская стена,城墙,Қалалық қабырға,Шаар дубалы,Девори шаҳр,Şäher diwary,shahar devori,,,,,,,,,,,,,,,,,,,,,,,,,,,,L2|City/town wall|Defence
37,MT-3-0062,L3,MT-2-0023,Wall foundation,L3|Wall foundation|City/town wall,True,Site types,Типы объектов,,Нысан түрлері,,,Ýadygärlikleriň görnüşleri,,Defence,Оборонительные сооружения,防御,Қорғаныс құрылыстары,Коргонуу курулуштары,Сохторҳои муҳофизатӣ,Gorag,Mudofaa / Mudofaa inshooti,City/town wall,Городская стена,城墙,Қалалық қабырға,Шаар дубалы,Девори шаҳр,Şäher diwary,shahar devori,Wall foundation ,Фундамент стены,墙基,Қабырға іргетасы,Дубал пайдубалы,Таҳкурсии девор,Diwaryň fundamenti / düýbi,Devor asosi,,,,,,,,,,,,,,,,,,,,L3|Wall foundation|City/town wall
38,MT-3-0046,L3,MT-2-0023,Parapet wall,L3|Parapet wall|City/town wall,True,Site types,Типы объектов,,Нысан түрлері,,,Ýadygärlikleriň görnüşleri,,Defence,Оборонительные сооружения,防御,Қорғаныс құрылыстары,Коргонуу курулуштары,Сохторҳои муҳофизатӣ,Gorag,Mudofaa / Mudofaa inshooti,City/town wall,Городская стена,城墙,Қалалық қабырға,Шаар дубалы,Девори шаҳр,Şäher diwary,shahar devori,Parapet wall,Парапетная стена,女墙,Парапет қабырға,Парапет дубалы,Девори парапет,Parapet diwar,To‘siq / to‘sin,,,,,,,,,,,,,,,,,,,,L3|Parapet wall|City/town wall
39,MT-2-0043,L2,MT-1-0007,Fort,L2|Fort|Defence,True,Site types,Типы объектов,,Нысан түрлері,,,Ýadygärlikleriň görnüşleri,,Defence,Оборонительные сооружения,防御,Қорғаныс құрылыстары,Коргонуу курулуштары,Сохторҳои муҳофизатӣ,Gorag,Mudofaa / Mudofaa inshooti,Fort,Форт,堡垒/要塞,Форт,Форт ,Қалъа,Gala,Qal'a / Fort,,,,,,,,,,,,,,,,,,,,,,,,,,,,L2|Fort|Defence
40,MT-2-0044,L2,MT-1-0007,Fortification,L2|Fortification|Defence,True,Site types,Типы объектов,,Нысан түрлері,,,Ýadygärlikleriň görnüşleri,,Defence,Оборонительные сооружения,防御,Қорғаныс құрылыстары,Коргонуу курулуштары,Сохторҳои муҳофизатӣ,Gorag,Mudofaa / Mudofaa inshooti,Fortification,Фортификация,防御工事,Бекініс,Фортификация (Бекемдөө),Истеҳкомот,Fortifikasiýa,Mudofaa,,,,,,,,,,,,,,,,,,,,,,,,,,,,L2|Fortification|Defence
41,MT-3-0050,L3,MT-2-0044,Rampart,L3|Rampart|Fortification,True,Site types,Типы объектов,,Нысан түрлері,,,Ýadygärlikleriň görnüşleri,,Defence,Оборонительные сооружения,防御,Қорғаныс құрылыстары,Коргонуу курулуштары,Сохторҳои муҳофизатӣ,Gorag,Mudofaa / Mudofaa inshooti,Fortification,Фортификация,防御工事,Бекініс,Фортификация (Бекемдөө),Истеҳкомот,Fortifikasiýa,Mudofaa,Rampart,Вал,壁垒/马面/墩台,Тосқауыл/бет/пирс,Дубал,Вол,Gala / goranma diwary,qo‘rg‘on (devori),,,,,,,,,,,,,,,,,,,,L3|Rampart|Fortification
42,MT-2-0045,L2,MT-1-0007,Fortress,L2|Fortress|Defence,True,Site types,Типы объектов,,Нысан түрлері,,,Ýadygärlikleriň görnüşleri,,Defence,Оборонительные сооружения,防御,Қорғаныс құрылыстары,Коргонуу курулуштары,Сохторҳои муҳофизатӣ,Gorag,Mudofaa / Mudofaa inshooti,Fortress,Крепость,堡垒/要塞,Бекініс,Чеп,Қалъа,Gala,Qal'a,,,,,,,,,,,,,,,,,,,,,,,,,,,,L2|Fortress|Defence
43,MT-2-0022,L2,MT-1-0007,City/town gate,L2|City/town gate|Defence,True,Site types,Типы объектов,,Нысан түрлері,,,Ýadygärlikleriň görnüşleri,,Defence,Оборонительные сооружения,防御,Қорғаныс құрылыстары,Коргонуу курулуштары,Сохторҳои муҳофизатӣ,Gorag,Mudofaa / Mudofaa inshooti,City/town gate,Городские ворота,城门,Қалалық қақпа,Шаар дарбазасы,Дарвозаи шаҳр,Şäher derwezesi,shahar darvozasi,,,,,,,,,,,,,,,,,,,,,,,,,,,,L2|City/town gate|Defence
44,MT-2-0082,L2,MT-1-0007,Moat,L2|Moat|Defence,True,Site types,Типы объектов,,Нысан түрлері,,,Ýadygärlikleriň görnüşleri,,Defence,Оборонительные сооружения,防御,Қорғаныс құрылыстары,Коргонуу курулуштары,Сохторҳои муҳофизатӣ,Gorag,Mudofaa / Mudofaa inshooti,Moat,Ров,护城河/壕沟,Ор,Жар,Хандақ,Garym ,Xandaq,,,,,,,,,,,,,,,,,,,,,,,,,,,,L2|Moat|Defence
45,MT-2-0086,L2,MT-1-0007,Outpost/station,L2|Outpost/station|Defence,True,Site types,Типы объектов,,Нысан түрлері,,,Ýadygärlikleriň görnüşleri,,Defence,Оборонительные сооружения,防御,Қорғаныс құрылыстары,Коргонуу курулуштары,Сохторҳои муҳофизатӣ,Gorag,Mudofaa / Mudofaa inshooti,Outpost/station,Аванпост/станция,前哨/站点,Алғы шеп/бекет,Аванпост/станция,Постгоҳ/истгоҳ,Garawul posty/stansiýasy,Qorovulxona / Kuzatuv posti,,,,,,,,,,,,,,,,,,,,,,,,,,,,L2|Outpost/station|Defence
46,MT-2-0119,L2,MT-1-0007,Turret,L2|Turret|Defence,True,Site types,Типы объектов,,Нысан түрлері,,,Ýadygärlikleriň görnüşleri,,Defence,Оборонительные сооружения,防御,Қорғаныс құрылыстары,Коргонуу курулуштары,Сохторҳои муҳофизатӣ,Gorag,Mudofaa / Mudofaa inshooti,Turret,Орудийная башня,角楼,Зеңбірек мұнарасы,Мылтык мунарасы,Бурҷи тупҳо,Ýarag diňi,Mudofaa minorasi,,,,,,,,,,,,,,,,,,,,,,,,,,,,L2|Turret|Defence
47,MT-2-0127,L2,MT-1-0007,Watchtower,L2|Watchtower|Defence,True,Site types,Типы объектов,,Нысан түрлері,,,Ýadygärlikleriň görnüşleri,,Defence,Оборонительные сооружения,防御,Қорғаныс құрылыстары,Коргонуу курулуштары,Сохторҳои муҳофизатӣ,Gorag,Mudofaa / Mudofaa inshooti,Watchtower,Сторожевая башня,暸望塔,Қарауыл мұнарасы,Күзөт мунарасы,Бурҷи дидбонӣ,Garawul diňi,Kuzatuv minorasi,,,,,,,,,,,,,,,,,,,,,,,,,,,,L2|Watchtower|Defence
48,MT-1-0008,L1,,Garden,L1|Garden|NA,True,Site types,Типы объектов,,Нысан түрлері,,,Ýadygärlikleriň görnüşleri,,Garden,Сад,花园,Бақ,Бакча,Боғ,Bag,Bog‘,,,,,,,,,,,,,,,,,,,,,,,,,,,,,,,,,,,,L1|Garden|NA
49,MT-1-0009,L1,,Health and Welfare,L1|Health and Welfare|NA,True,Site types,Типы объектов,,Нысан түрлері,,,Ýadygärlikleriň görnüşleri,,Health and Welfare,Здоровье и Благосостояние,卫生福利,Денсаулық және әл-ауқат,Ден соолук жана жыргалчылык,Тандурустӣ ва некӯаҳволӣ,Saglyk we abadançylyk,Salomatlik va farovonlik,,,,,,,,,,,,,,,,,,,,,,,,,,,,,,,,,,,,L1|Health and Welfare|NA
50,MT-2-0006,L2,MT-1-0009,Bath house,L2|Bath house|Health and Welfare,True,Site types,Типы объектов,,Нысан түрлері,,,Ýadygärlikleriň görnüşleri,,Health and Welfare,Здоровье и Благосостояние,卫生福利,Денсаулық және әл-ауқат,Ден соолук жана жыргалчылык,Тандурустӣ ва некӯаҳволӣ,Saglyk we abadançylyk,Salomatlik va farovonlik,Bath house,Баня,澡堂/浴场,Монша,Мончо,Ҳаммом,Hammam,Hammom,,,,,,,,,,,,,,,,,,,,,,,,,,,,L2|Bath house|Health and Welfare
51,MT-2-0059,L2,MT-1-0009,Hospital,L2|Hospital|Health and Welfare,True,Site types,Типы объектов,,Нысан түрлері,,,Ýadygärlikleriň görnüşleri,,Health and Welfare,Здоровье и Благосостояние,卫生福利,Денсаулық және әл-ауқат,Ден соолук жана жыргалчылык,Тандурустӣ ва некӯаҳволӣ,Saglyk we abadançylyk,Salomatlik va farovonlik,Hospital,Больница,医院,Аурухана,Оорукана,Дармонгоҳ,Keselhana,Kasalxona,,,,,,,,,,,,,,,,,,,,,,,,,,,,L2|Hospital|Health and Welfare
52,MT-1-0011,L1,,House,L1|House|NA,True,Site types,Типы объектов,,Нысан түрлері,,,Ýadygärlikleriň görnüşleri,,House,Жилой дом,住宅,Тұрғын үй,Турак үй,Бинои истикоматӣ,Ýaşaýyş jaý,Uy,,,,,,,,,,,,,,,,,,,,,,,,,,,,,,,,,,,,L1|House|NA
53,MT-2-0037,L2,MT-1-0011,Entrance portal,L2|Entrance portal|House,True,Site types,Типы объектов,,Нысан түрлері,,,Ýadygärlikleriň görnüşleri,,House,Жилой дом,住宅,Тұрғын үй,Турак үй,Бинои истикоматӣ,Ýaşaýyş jaý,Uy,Entrance portal,Входной портал,正门门廊,Кіреберіс портал,Кирүү порталы,Даромадгоҳи асосӣ,Girelge portaly,Kirish darvozasi,,,,,,,,,,,,,,,,,,,,,,,,,,,,L2|Entrance portal|House
54,MT-2-0070,L2,MT-1-0011,Living room,L2|Living room|House,True,Site types,Типы объектов,,Нысан түрлері,,,Ýadygärlikleriň görnüşleri,,House,Жилой дом,住宅,Тұрғын үй,Турак үй,Бинои истикоматӣ,Ýaşaýyş jaý,Uy,Living room,Гостиная,客厅,Қонақ бөлме,Конок бөлмөсү,Меҳмонхона,Myhman otagy,Mehmonxona,,,,,,,,,,,,,,,,,,,,,,,,,,,,L2|Living room|House
55,MT-2-0094,L2,MT-1-0011,Reception,L2|Reception|House,True,Site types,Типы объектов,,Нысан түрлері,,,Ýadygärlikleriň görnüşleri,,House,Жилой дом,住宅,Тұрғын үй,Турак үй,Бинои истикоматӣ,Ýaşaýyş jaý,Uy,Reception,Приёмная,接待处,Қабылдау залы,Кабыл алуу бөлмөсү,Қабулгоҳ,Kabulhana,Qabulxona,,,,,,,,,,,,,,,,,,,,,,,,,,,,L2|Reception|House
56,MT-2-0073,L2,MT-1-0011,Mahar Ma Zha,L2|Mahar Ma Zha|House,True,Site types,Типы объектов,,Нысан түрлері,,,Ýadygärlikleriň görnüşleri,,House,Жилой дом,住宅,Тұрғын үй,Турак үй,Бинои истикоматӣ,Ýaşaýyş jaý,Uy,Mahar Ma Zha,,,Мазар,,Мазор,Mazar,,,,,,,,,,,,,,,,,,,,,,,,,,,,,L2|Mahar Ma Zha|House
57,MT-2-0096,L2,MT-1-0011,Residential building,L2|Residential building|House,True,Site types,Типы объектов,,Нысан түрлері,,,Ýadygärlikleriň görnüşleri,,House,Жилой дом,住宅,Тұрғын үй,Турак үй,Бинои истикоматӣ,Ýaşaýyş jaý,Uy,Residential building,Жилой дом,住宅建筑,Тұрғын үй,Турак жай имараты,Бинои иқоматӣ,Ýaşaýyş jaýy,Turarjoy binosi,,,,,,,,,,,,,,,,,,,,,,,,,,,,L2|Residential building|House
58,MT-2-0118,L2,MT-1-0011,Traditional house,L2|Traditional house|House,True,Site types,Типы объектов,,Нысан түрлері,,,Ýadygärlikleriň görnüşleri,,House,Жилой дом,住宅,Тұрғын үй,Турак үй,Бинои истикоматӣ,Ýaşaýyş jaý,Uy,Traditional house,Традиционный дом,住宅,Дәстүрлі үй,Салттуу үй,Хонаи анъанавӣ,Adaty jaý,An'anaviy uy,,,,,,,,,,,,,,,,,,,,,,,,,,,,L2|Traditional house|House
59,MT-1-0010,L1,,Historical school/academy,L1|Historical school/academy|NA,True,Site types,Типы объектов,,Нысан түрлері,,,Ýadygärlikleriň görnüşleri,,Historical school/academy,Историческая школа / академия,历史学校、学院,Тарихи мектеп / академия,Тарыхый мектеп / академия,Мактаби таърихӣ / академия,Taryhy mekdep / akademiýa,Tarixiy maktab / akademiya,,,,,,,,,,,,,,,,,,,,,,,,,,,,,,,,,,,,L1|Historical school/academy|NA
60,MT-1-0012,L1,,Industrial,L1|Industrial|NA,True,Site types,Типы объектов,,Нысан түрлері,,,Ýadygärlikleriň görnüşleri,,Industrial,Индустриальный,工业,Өнеркәсіптік,Өнөр жай,Саноатӣ,Senagat,Sanoat / sanoatga oid,,,,,,,,,,,,,,,,,,,,,,,,,,,,,,,,,,,,L1|Industrial|NA
61,MT-2-0024,L2,MT-1-0012,Copper working site,L2|Copper working site|Industrial,True,Site types,Типы объектов,,Нысан түрлері,,,Ýadygärlikleriň görnüşleri,,Industrial,Индустриальный,工业,Өнеркәсіптік,Өнөр жай,Саноатӣ,Senagat,Sanoat / sanoatga oid,Copper working site,Памятник обработки меди,铜加工遗址,Мыс өңдеу ескерткіші,Жезди иштетүүчү эстелик,Соҳаи коркарди мис,Mis gaýtadan işlenilýän ýer,misgarlik yodgorligi,,,,,,,,,,,,,,,,,,,,,,,,,,,,L2|Copper working site|Industrial
62,MT-2-0047,L2,MT-1-0012,Furnace,L2|Furnace|Industrial,True,Site types,Типы объектов,,Нысан түрлері,,,Ýadygärlikleriň görnüşleri,,Industrial,Индустриальный,工业,Өнеркәсіптік,Өнөр жай,Саноатӣ,Senagat,Sanoat / sanoatga oid,Furnace,Печь обжига,熔炉,Күйдіру пеші,Куйгузүү үчүн меш,Кӯра,Peç,o‘txona,,,,,,,,,,,,,,,,,,,,,,,,,,,,L2|Furnace|Industrial
63,MT-3-0039,L3,MT-2-0047,Metalworking furnace,L3|Metalworking furnace|Furnace,True,Site types,Типы объектов,,Нысан түрлері,,,Ýadygärlikleriň görnüşleri,,Industrial,Индустриальный,工业,Өнеркәсіптік,Өнөр жай,Саноатӣ,Senagat,Sanoat / sanoatga oid,Furnace,Печь обжига,熔炉,Күйдіру пеші,Куйгузүү үчүн меш,Кӯра,Peç,o‘txona,Metalworking furnace,Маталообрабатывающая печь,金属加工炉,Металл өңдеу пеші,Метал иштетүүчү меш,Кӯраи коркарди филиз,Metaly gaýtadan işleýän peç,Temirchi o‘txonasi,,,,,,,,,,,,,,,,,,,,L3|Metalworking furnace|Furnace
64,MT-3-0043,L3,MT-2-0047,Ore furnace,L3|Ore furnace|Furnace,True,Site types,Типы объектов,,Нысан түрлері,,,Ýadygärlikleriň görnüşleri,,Industrial,Индустриальный,工业,Өнеркәсіптік,Өнөр жай,Саноатӣ,Senagat,Sanoat / sanoatga oid,Furnace,Печь обжига,熔炉,Күйдіру пеші,Куйгузүү үчүн меш,Кӯра,Peç,o‘txona,Ore furnace,Рудная печь,矿石炉,Кен қорыту пеші,Руда меши,Кӯраи санги маъдан,Magdan peji,ruda qayta ishlash pechi,,,,,,,,,,,,,,,,,,,,L3|Ore furnace|Furnace
65,MT-2-0060,L2,MT-1-0012,Icehouse,L2|Icehouse|Industrial,True,Site types,Типы объектов,,Нысан түрлері,,,Ýadygärlikleriň görnüşleri,,Industrial,Индустриальный,工业,Өнеркәсіптік,Өнөр жай,Саноатӣ,Senagat,Sanoat / sanoatga oid,Icehouse,Льдохранилище,冰窖,Мұз қоймасы,Муз сактоочу жай,Яххона,Buzhana,Muzxona,,,,,,,,,,,,,,,,,,,,,,,,,,,,L2|Icehouse|Industrial
66,MT-2-0061,L2,MT-1-0012,Industrial building,L2|Industrial building|Industrial,True,Site types,Типы объектов,,Нысан түрлері,,,Ýadygärlikleriň görnüşleri,,Industrial,Индустриальный,工业,Өнеркәсіптік,Өнөр жай,Саноатӣ,Senagat,Sanoat / sanoatga oid,Industrial building,Промышленное здание,工业建筑,Өнеркәсіптік ғимарат,Өнөр жай имараты,Бинои саноатӣ,Senagat jaýy,Ishlab chiqarish binosi,,,,,,,,,,,,,,,,,,,,,,,,,,,,L2|Industrial building|Industrial
67,MT-2-0062,L2,MT-1-0012,Industrial heritage,L2|Industrial heritage|Industrial,True,Site types,Типы объектов,,Нысан түрлері,,,Ýadygärlikleriň görnüşleri,,Industrial,Индустриальный,工业,Өнеркәсіптік,Өнөр жай,Саноатӣ,Senagat,Sanoat / sanoatga oid,Industrial heritage,Индустриальное наследие,工业遗产,Индустриалдық мұра,Өнөр жай мурасы,Мероси саноатӣ,Senagat mirasy,ishlab chiqarish yodgorligi,,,,,,,,,,,,,,,,,,,,,,,,,,,,L2|Industrial heritage|Industrial
68,MT-3-0067,L3,MT-2-0062,cultural relics of the Production and Construction Corps,L3|cultural relics of the Production and Construction Corps|Industrial heritage,True,Site types,Типы объектов,,Нысан түрлері,,,Ýadygärlikleriň görnüşleri,,Industrial,Индустриальный,工业,Өнеркәсіптік,Өнөр жай,Саноатӣ,Senagat,Sanoat / sanoatga oid,Industrial heritage,Индустриальное наследие,工业遗产,Индустриалдық мұра,Өнөр жай мурасы,Мероси саноатӣ,Senagat mirasy,ishlab chiqarish yodgorligi,cultural relics of the Production and Construction Corps,Культурные реликвии Производственно-строительного корпуса,生产建设兵团文物,Мәдени жәдігерлер Өндірістік-құрылыс кешені,Өндүрүш-курулуш корпусунун маданий эстеликтери,Ёдгорихои мадании бинохои истехсолӣ ва сохтмонӣ,Önümçilik we gurluşyk korpusynyň medeni galyndylary,ishlab chiqarish-qurilish tizimi madaniy yodgorliklari,,,,,,,,,,,,,,,,,,,,L3|cultural relics of the Production and Construction Corps|Industrial heritage
69,MT-2-0068,L2,MT-1-0012,Kiln,L2|Kiln|Industrial,True,Site types,Типы объектов,,Нысан түрлері,,,Ýadygärlikleriň görnüşleri,,Industrial,Индустриальный,工业,Өнеркәсіптік,Өнөр жай,Саноатӣ,Senagat,Sanoat / sanoatga oid,Kiln,Печь,窑,Пеш,Меш ,Танӯр,Peç,o‘choq / pech,,,,,,,,,,,,,,,,,,,,,,,,,,,,L2|Kiln|Industrial
70,MT-3-0006,L3,MT-2-0068,Brick kiln,L3|Brick kiln|Kiln,True,Site types,Типы объектов,,Нысан түрлері,,,Ýadygärlikleriň görnüşleri,,Industrial,Индустриальный,工业,Өнеркәсіптік,Өнөр жай,Саноатӣ,Senagat,Sanoat / sanoatga oid,Kiln,Печь,窑,Пеш,Меш,Танӯр,Peç,o‘choq / pech,Brick kiln,Кирпичная печь,砖窑,Кірпіш күйдіру пеші,Кирпич меши,Кӯраи хиштпазӣ,Kerpiç peji,G‘isht tayyorlash xumdoni,,,,,,,,,,,,,,,,,,,,L3|Brick kiln|Kiln
71,MT-3-0048,L3,MT-2-0068,Pottery kiln,L3|Pottery kiln|Kiln,True,Site types,Типы объектов,,Нысан түрлері,,,Ýadygärlikleriň görnüşleri,,Industrial,Индустриальный,工业,Өнеркәсіптік,Өнөр жай,Саноатӣ,Senagat,Sanoat / sanoatga oid,Kiln,Печь,窑,Пеш,Меш,Танӯр,Peç,o‘choq / pech,Pottery kiln,Керамическая печь,陶窑,Керамика күйдіру пеші,Керамикалык меш,Кӯраи сафолпазӣ,Keramika / Kulalçylyk peji,Xumdon,,,,,,,,,,,,,,,,,,,,L3|Pottery kiln|Kiln
72,MT-3-0059,L3,MT-2-0068,Tile kiln,L3|Tile kiln|Kiln,True,Site types,Типы объектов,,Нысан түрлері,,,Ýadygärlikleriň görnüşleri,,Industrial,Индустриальный,工业,Өнеркәсіптік,Өнөр жай,Саноатӣ,Senagat,Sanoat / sanoatga oid,Kiln,Печь,窑,Пеш,Меш,Танӯр,Peç,o‘choq / pech,Tile kiln,Кафельная печь,瓦窑,Қыш күйдіру пеші,Плитка меши,Кӯраи кафелпазӣ,Kafel peji,Xumdon,,,,,,,,,,,,,,,,,,,,L3|Tile kiln|Kiln
73,MT-2-0078,L2,MT-1-0012,Mill,L2|Mill|Industrial,True,Site types,Типы объектов,,Нысан түрлері,,,Ýadygärlikleriň görnüşleri,,Industrial,Индустриальный,工业,Өнеркәсіптік,Өнөр жай,Саноатӣ,Senagat,Sanoat / sanoatga oid,Mill,Мельница,磨坊,Диірмен,Тегирмен,Осиёб,Haraz / degirmen,Tegirmon,,,,,,,,,,,,,,,,,,,,,,,,,,,,L2|Mill|Industrial
74,MT-3-0065,L3,MT-2-0078,Watermill,L3|Watermill|Mill,True,Site types,Типы объектов,,Нысан түрлері,,,Ýadygärlikleriň görnüşleri,,Industrial,Индустриальный,工业,Өнеркәсіптік,Өнөр жай,Саноатӣ,Senagat,Sanoat / sanoatga oid,Mill,Мельница,磨坊,Диірмен,Тегирмен,Осиёб,Haraz / degirmen,Tegirmon,Watermill,Водяная Мельница,水磨坊,Су диірмені,Суу Тегирмен,Осиёби обӣ,Suw degirmeni,Suvtegirmon,,,,,,,,,,,,,,,,,,,,L3|Watermill|Mill
75,MT-2-0080,L2,MT-1-0012,Mine,L2|Mine|Industrial,True,Site types,Типы объектов,,Нысан түрлері,,,Ýadygärlikleriň görnüşleri,,Industrial,Индустриальный,工业,Өнеркәсіптік,Өнөр жай,Саноатӣ,Senagat,Sanoat / sanoatga oid,Mine,Рудник,矿,Кен орны,Тоо-Кен,Кон,Magdan käni,kon,,,,,,,,,,,,,,,,,,,,,,,,,,,,L2|Mine|Industrial
76,MT-3-0021,L3,MT-2-0080,Copper mine,L3|Copper mine|Mine,True,Site types,Типы объектов,,Нысан түрлері,,,Ýadygärlikleriň görnüşleri,,Industrial,Индустриальный,工业,Өнеркәсіптік,Өнөр жай,Саноатӣ,Senagat,Sanoat / sanoatga oid,Mine,Рудник,矿,Кен орны,Тоо-Кен,Кон,Magdan käni,kon,Copper mine,Медный Рудник,铜矿,Мыс кен орны,Жез кени,Кони мис,Mis käni,Mis koni,,,,,,,,,,,,,,,,,,,,L3|Copper mine|Mine
77,MT-2-0081,L2,MT-1-0012,Mining/smelting site,L2|Mining/smelting site|Industrial,True,Site types,Типы объектов,,Нысан түрлері,,,Ýadygärlikleriň görnüşleri,,Industrial,Индустриальный,工业,Өнеркәсіптік,Өнөр жай,Саноатӣ,Senagat,Sanoat / sanoatga oid,Mining/smelting site,Шахта / плавильный объект,矿山/冶炼遗址,Шахта / балқыту орны,Шахта / эритүүчү объект,Кони стихроҷи маъдан / гудохтан,Magdan  / metal erediş ýeri,kon / eritish joyi,,,,,,,,,,,,,,,,,,,,,,,,,,,,L2|Mining/smelting site|Industrial
78,MT-2-0093,L2,MT-1-0012,Quarry,L2|Quarry|Industrial,True,Site types,Типы объектов,,Нысан түрлері,,,Ýadygärlikleriň görnüşleri,,Industrial,Индустриальный,工业,Өнеркәсіптік,Өнөр жай,Саноатӣ,Senagat,Sanoat / sanoatga oid,Quarry,Карьер,采石场,Карьер,Карьер,Кони маъдан,Karýer,kon o‘rasi / karer,,,,,,,,,,,,,,,,,,,,,,,,,,,,L2|Quarry|Industrial
79,MT-2-0133,L2,MT-1-0012,Workshop,L2|Workshop|Industrial,True,Site types,Типы объектов,,Нысан түрлері,,,Ýadygärlikleriň görnüşleri,,Industrial,Индустриальный,工业,Өнеркәсіптік,Өнөр жай,Саноатӣ,Senagat,Sanoat / sanoatga oid,Workshop,Мастерская,作坊,Шеберхана,Устакана,Устохона,Ussahana,ustaxona,,,,,,,,,,,,,,,,,,,,,,,,,,,,L2|Workshop|Industrial
80,MT-3-0013,L3,MT-2-0133,Carpet weavers workshop,L3|Carpet weavers workshop|Workshop,True,Site types,Типы объектов,,Нысан түрлері,,,Ýadygärlikleriň görnüşleri,,Industrial,Индустриальный,工业,Өнеркәсіптік,Өнөр жай,Саноатӣ,Senagat,Sanoat / sanoatga oid,Workshop,Мастерская,作坊,Шеберхана,Устакана,Устохона,Ussahana,ustaxona,Carpet weavers workshop,ткацкий цех,地毯织工坊,Тоқу цехы,Токуу цехи,Коргоҳӣ қолинбофӣ,Haly dokma sehi,Gilam to‘qish ustaxonasi,,,,,,,,,,,,,,,,,,,,L3|Carpet weavers workshop|Workshop
81,MT-1-0013,L1,,Landscape feature,L1|Landscape feature|NA,True,Site types,Типы объектов,,Нысан түрлері,,,Ýadygärlikleriň görnüşleri,,Landscape feature,Черта ландшафта,地貌特征,Ландшафттық шекара,Пейзаждын өзгөчөлүгү,Хусусияти ландшафт,Landşaft elementi/bölegi,Landshaft xususiyati,,,,,,,,,,,,,,,,,,,,,,,,,,,,,,,,,,,,L1|Landscape feature|NA
82,MT-2-0049,L2,MT-1-0013,Gorge,L2|Gorge|Landscape feature,True,Site types,Типы объектов,,Нысан түрлері,,,Ýadygärlikleriň görnüşleri,,Landscape feature,Черта ландшафта,地貌特征,Ландшафттық шекара,Пейзаждын өзгөчөлүгү,Хусусияти ландшафт,Landşaft elementi/bölegi,Landshaft xususiyati,Gorge,Ущелье,峡谷,Шатқал,Капчыгай,Дара,Dag jülgesi,jar / jarlik,,,,,,,,,,,,,,,,,,,,,,,,,,,,L2|Gorge|Landscape feature
83,MT-2-0089,L2,MT-1-0013,Pass,L2|Pass|Landscape feature,True,Site types,Типы объектов,,Нысан түрлері,,,Ýadygärlikleriň görnüşleri,,Landscape feature,Черта ландшафта,地貌特征,Ландшафттық шекара,Пейзаждын өзгөчөлүгү,Хусусияти ландшафт,Landşaft elementi/bölegi,Landshaft xususiyati,Pass,Проход,山口,Асу,Өтмөк,Гузаргоҳ,Ýoda / geçelge,yo‘lak / dara,,,,,,,,,,,,,,,,,,,,,,,,,,,,L2|Pass|Landscape feature
84,MT-2-0121,L2,MT-1-0013,Valley,L2|Valley|Landscape feature,True,Site types,Типы объектов,,Нысан түрлері,,,Ýadygärlikleriň görnüşleri,,Landscape feature,Черта ландшафта,地貌特征,Ландшафттық шекара,Пейзаждын өзгөчөлүгү,Хусусияти ландшафт,Landşaft elementi/bölegi,Landshaft xususiyati,Valley,Долина,山谷,Өзен аңғары,Өрөөн,Водӣ,Dere,vodiy,,,,,,,,,,,,,,,,,,,,,,,,,,,,L2|Valley|Landscape feature
85,MT-2-0123,L2,MT-1-0013,Wadi,L2|Wadi|Landscape feature,True,Site types,Типы объектов,,Нысан түрлері,,,Ýadygärlikleriň görnüşleri,,Landscape feature,Черта ландшафта,地貌特征,Ландшафттық шекара,Пейзаждын өзгөчөлүгү,Хусусияти ландшафт,Landşaft elementi/bölegi,Landshaft xususiyati,Wadi,Русло реки,干河道,Өзен арнасы,Дарыянын нугу,Маҷрои дарё,Derýa düýbi,voha / daryo o‘zani,,,,,,,,,,,,,,,,,,,,,,,,,,,,L2|Wadi|Landscape feature
86,MT-1-0014,L1,,Palace,L1|Palace|NA,True,Site types,Типы объектов,,Нысан түрлері,,,Ýadygärlikleriň görnüşleri,,Palace,Дворец,宫殿,Сарай,Хан Сарай,Қасри шоҳӣ,Köşk,Saroy,,,,,,,,,,,,,,,,,,,,,,,,,,,,,,,,,,,,L1|Palace|NA
87,MT-1-0015,L1,,Pavilion,L1|Pavilion|NA,True,Site types,Типы объектов,,Нысан түрлері,,,Ýadygärlikleriň görnüşleri,,Pavilion,Павильон,亭阁,Павильон,Павильон,Павилион,Pawilýon,Ko‘shk / Pavilon,,,,,,,,,,,,,,,,,,,,,,,,,,,,,,,,,,,,L1|Pavilion|NA
88,MT-1-0016,L1,,Pillar,L1|Pillar|NA,True,Site types,Типы объектов,,Нысан түрлері,,,Ýadygärlikleriň görnüşleri,,Pillar,Столб,柱,Бағана,Мамы/Тирөөч,Сутун,Sütün,Ustun,,,,,,,,,,,,,,,,,,,,,,,,,,,,,,,,,,,,L1|Pillar|NA
89,MT-1-0017,L1,,Ritual religion and funerary,L1|Ritual religion and funerary|NA,True,Site types,Типы объектов,,Нысан түрлері,,,Ýadygärlikleriň görnüşleri,,Ritual religion and funerary,Ритуал религия и погребение,礼仪、宗教和丧葬,"Ритуал, дін және жерлеу","Ритуал, дин жана сөөк коюу",Маросими динӣ ва дафн,Ritual din we jaýlama,Diniy odat va dafn,,,,,,,,,,,,,,,,,,,,,,,,,,,,,,,,,,,,L1|Ritual religion and funerary|NA
90,MT-2-0001,L2,MT-1-0017,Ancestral hall,L2|Ancestral hall|Ritual religion and funerary,True,Site types,Типы объектов,,Нысан түрлері,,,Ýadygärlikleriň görnüşleri,,Ritual religion and funerary,Ритуал религия и погребение,礼仪、宗教和丧葬,"Ритуал, дін және жерлеу","Ритуал, дин жана сөөк коюу",Маросими динӣ ва дафн,Ritual din we jaýlama,Diniy odat va dafn,Ancestral hall,Зал предков,宗祠,Ата-баба залы,Бабалар залы,Толори аҷдодон,Ata-babalar zaly,Ajdodlar xonasi / oilaviy ibodatxona,,,,,,,,,,,,,,,,,,,,,,,,,,,,L2|Ancestral hall|Ritual religion and funerary
91,MT-2-0005,L2,MT-1-0017,Bas-relief,L2|Bas-relief|Ritual religion and funerary,True,Site types,Типы объектов,,Нысан түрлері,,,Ýadygärlikleriň görnüşleri,,Ritual religion and funerary,Ритуал религия и погребение,礼仪、宗教和丧葬,"Ритуал, дін және жерлеу","Ритуал, дин жана сөөк коюу",Маросими динӣ ва дафн,Ritual din we jaýlama,Diniy odat va dafn,Bas-relief,Барельеф,浅浮雕,Барельеф,Барельеф,Барелеф,Barelýef,qabartma bezak / barelyef,,,,,,,,,,,,,,,,,"Bas-relief is a type of relief (sculpture) that has less depth to the faces and figures than they actually have, when measured proportionately (to scale). This technique retains the natural contours of the figures, and allows the work to be viewed from many angles without distortion of the figures themselves.","Барельеф - это тип рельефа (скульптура), который имеет меньшую глубину граней и фигур, чем на самом деле, при измерении пропорционально (в масштабе). Этот метод сохраняет естественные контуры фигур и позволяет просматривать работу под разными углами без искажения самих фигур.",浅浮雕是浮雕（雕刻）的一种，底面到图案的深度比真实比例情况下要浅很多。浅浮雕工艺保持了图案的自然轮廓，从而可使多角度观赏作品时图案不失真。,"Барельеф - это тип рельефа (скульптура), который имеет меньшую глубину граней и фигур, чем на самом деле, при измерении пропорционально (в масштабе). Этот метод сохраняет естественные контуры фигур и позволяет просматривать работу под разными углами без искажения самих фигур.","Барельеф-бул рельефтин бир түрү (скульптура), ал пропорционалдуу өлчөнгөндө (Масштаб боюнча) беттерине жана фигураларына караганда тереңдиги азыраак. Бул ыкма фигуралардын табигый контурларын сактап, чыгарманы көптөгөн бурчтардан фигуралардын бурмалоосуз көрүүгө мүмкүндүк берет.","Барелеф як навъи релеф (муҷассама) аст, ки амиқтар дар кунҷҳо ва рақамҳои худ нисбат ба ченкунии мутаносиб (бо миқёс) камтар аст. Ин усул контурҳои табиии фигураҳоро нигоҳ дошта, имкон медиҳад, ки кор аз зовияҳои гуногун бидуни таҳрифи худи фигураҳо дида шавад.","Bas-relýef, ýüzlere we şekillere proporsional ölçelende (masştablamak) deňeşdirilende has az çuňlugy bolan relýefiň (heýkeltaraşlygyň) bir görnüşidir. Bu usul şekilleriň tebigy konturyny gorap saklaýar we eserleri şekilleri ýoýmazdan, dürli tarapdan görmäge mümkinçilik berýär.","Barelyef - mutanosib ravishda (masshtabda) o‘lchanganda, yuz va shakllarga nisbatan kamroq chuqurlikka ega bo‘lgan relyef (haykal) turi. Ushbu uslub shakllarning tabiiy konturlarini saqlab qoladi va shakllarning o‘zini buzmasdan ishni ko‘p burchaklardan ko‘rish imkonini beradi.",,,,L2|Bas-relief|Ritual religion and funerary
92,MT-2-0011,L2,MT-1-0017,Burial,L2|Burial|Ritual religion and funerary,True,Site types,Типы объектов,,Нысан түрлері,,,Ýadygärlikleriň görnüşleri,,Ritual religion and funerary,Ритуал религия и погребение,礼仪、宗教和丧葬,"Ритуал, дін және жерлеу","Ритуал, дин жана сөөк коюу",Маросими динӣ ва дафн,Ritual din we jaýlama,Diniy odat va dafn,Burial,Захоронение,墓葬,Жерлеу орны,Көмүү,Гӯристон,Jaýlanma,qabr,,,,,,,,,,,,,,,,,,,,,,,,,,,,L2|Burial|Ritual religion and funerary
93,MT-3-0004,L3,MT-2-0011,Barrow,L3|Barrow|Burial,True,Site types,Типы объектов,,Нысан түрлері,,,Ýadygärlikleriň görnüşleri,,Ritual religion and funerary,Ритуал религия и погребение,礼仪、宗教和丧葬,"Ритуал, дін және жерлеу","Ритуал, дин жана сөөк коюу",Маросими динӣ ва дафн,Ritual din we jaýlama,Diniy odat va dafn,Burial,Захоронение,墓葬,Жерлеу орны,Көмүү,Гӯристон,Jaýlanma,qabr,Barrow,Могильник,古坟,Қорым,Мүрзө,Гӯристон,Gadymy mazarlyk depe,Qo‘rg‘on / qabr,,,,,,,,,,,,,,,,,,,,L3|Barrow|Burial
94,MT-3-0007,L3,MT-2-0011,Burial assemblage,L3|Burial assemblage|Burial,True,Site types,Типы объектов,,Нысан түрлері,,,Ýadygärlikleriň görnüşleri,,Ritual religion and funerary,Ритуал религия и погребение,礼仪、宗教和丧葬,"Ритуал, дін және жерлеу","Ритуал, дин жана сөөк коюу",Маросими динӣ ва дафн,Ritual din we jaýlama,Diniy odat va dafn,Burial,Захоронение,墓葬,Жерлеу орны,Көмүү,Гӯристон,Jaýlanma,qabr,Burial assemblage,Погребальное скопление,葬具,Жерлеу орнының шоғыры,Сөөк коюу топтому,Маҷмааи қабрҳо,Jaýlama toplumy,Qabr topilmalari,,,,,,,,,,,,,,,,,,,,L3|Burial assemblage|Burial
95,MT-3-0008,L3,MT-2-0011,Burial chamber,L3|Burial chamber|Burial,True,Site types,Типы объектов,,Нысан түрлері,,,Ýadygärlikleriň görnüşleri,,Ritual religion and funerary,Ритуал религия и погребение,礼仪、宗教和丧葬,"Ритуал, дін және жерлеу","Ритуал, дин жана сөөк коюу",Маросими динӣ ва дафн,Ritual din we jaýlama,Diniy odat va dafn,Burial,Захоронение,墓葬,Жерлеу орны,Көмүү,Гӯристон,Jaýlanma,qabr,Burial chamber,Погребальная камера,墓室,Жерлеу камерасы,Кабыр,Ҳуҷраи дафн,Jaýlanylýan kamera,lahad,,,,,,,,,,,,,,,,,,,,L3|Burial chamber|Burial
96,MT-3-0009,L3,MT-2-0011,Burial mound,L3|Burial mound|Burial,True,Site types,Типы объектов,,Нысан түрлері,,,Ýadygärlikleriň görnüşleri,,Ritual religion and funerary,Ритуал религия и погребение,礼仪、宗教和丧葬,"Ритуал, дін және жерлеу","Ритуал, дин жана сөөк коюу",Маросими динӣ ва дафн,Ritual din we jaýlama,Diniy odat va dafn,Burial,Захоронение,墓葬,Жерлеу орны,Көмүү,Гӯристон,Jaýlanma,qabr,Burial mound,Могильный холм,墓葬/坟墓,Қорған үйіндісі,Мүрзө дөбөсү,Теппаи дафнгоҳ,Mazar depesi,Qo‘rg‘on,,,,,,,,,,,,,,,,,,,,L3|Burial mound|Burial
97,MT-3-0010,L3,MT-2-0011,Burial pit,L3|Burial pit|Burial,True,Site types,Типы объектов,,Нысан түрлері,,,Ýadygärlikleriň görnüşleri,,Ritual religion and funerary,Ритуал религия и погребение,礼仪、宗教和丧葬,"Ритуал, дін және жерлеу","Ритуал, дин жана сөөк коюу",Маросими динӣ ва дафн,Ritual din we jaýlama,Diniy odat va dafn,Burial,Захоронение,墓葬,Жерлеу орны,Көмүү,Гӯристон,Jaýlanma,qabr,Burial pit,Яма для захоронения,葬坑,Жерлеу шұңқыры,Көмүү чуңкуру,Чоҳ барои дафн,Jaýlama çukury,O‘ra,,,,,,,,,,,,,,,,,,,,L3|Burial pit|Burial
98,MT-3-0011,L3,MT-2-0011,Burial vault,L3|Burial vault|Burial,True,Site types,Типы объектов,,Нысан түрлері,,,Ýadygärlikleriň görnüşleri,,Ritual religion and funerary,Ритуал религия и погребение,礼仪、宗教和丧葬,"Ритуал, дін және жерлеу","Ритуал, дин жана сөөк коюу",Маросими динӣ ва дафн,Ritual din we jaýlama,Diniy odat va dafn,Burial,Захоронение,墓葬,Жерлеу орны,Көмүү,Гӯристон,Jaýlanma,qabr,Burial vault,Усыпальница,（穹形）墓穴,Кесене,Сөөк коюучу жай,Қабр,Gubur,dafn qurilmasi,,,,,,,,,,,,,,,,,,,,L3|Burial vault|Burial
99,MT-3-0014,L3,MT-2-0011,Cemetery,L3|Cemetery|Burial,True,Site types,Типы объектов,,Нысан түрлері,,,Ýadygärlikleriň görnüşleri,,Ritual religion and funerary,Ритуал религия и погребение,礼仪、宗教和丧葬,"Ритуал, дін және жерлеу","Ритуал, дин жана сөөк коюу",Маросими динӣ ва дафн,Ritual din we jaýlama,Diniy odat va dafn,Burial,Захоронение,墓葬,Жерлеу орны,Көмүү,Гӯристон,Jaýlanma,qabr,Cemetery,Кладбище,墓地/公墓,Зират,Көрүстөн,Қабристон,Gonamçylyk / Mazarlyk,Qabriston,,,,,,,,,,,,,,,,,,,,L3|Cemetery|Burial
100,MT-4-0002,L4,MT-3-0014,Burial ground,L4|Burial ground|Cemetery,True,Site types,Типы объектов,,Нысан түрлері,,,Ýadygärlikleriň görnüşleri,,Ritual religion and funerary,Ритуал религия и погребение,礼仪、宗教和丧葬,"Ритуал, дін және жерлеу","Ритуал, дин жана сөөк коюу",Маросими динӣ ва дафн,Ritual din we jaýlama,Diniy odat va dafn,Burial,Захоронение,墓葬,Жерлеу орны,Көмүү,Гӯристон,Jaýlanma,qabr,Cemetery,Кладбище,墓地/公墓,Зират,Көрүстөн,Қабристон,Gonamçylyk / Mazarlyk,Qabriston,Burial ground,Могильник,墓地,қорым,Мүрзө,Гӯристон,Jaýlanyyş ýeri,Qabr,,,,,,,,,,,,L4|Burial ground|Cemetery
101,MT-4-0003,L4,MT-3-0014,Burial site,L4|Burial site|Cemetery,True,Site types,Типы объектов,,Нысан түрлері,,,Ýadygärlikleriň görnüşleri,,Ritual religion and funerary,Ритуал религия и погребение,礼仪、宗教和丧葬,"Ритуал, дін және жерлеу","Ритуал, дин жана сөөк коюу",Маросими динӣ ва дафн,Ritual din we jaýlama,Diniy odat va dafn,Burial,Захоронение,墓葬,Жерлеу орны,Көмүү,Гӯристон,Jaýlanma,qabr,Cemetery,Кладбище,墓地/公墓,Зират,Көрүстөн,Қабристон,Gonamçylyk / Mazarlyk,Qabriston,Burial site,место захоронения,墓地遗址,жерлеу орны,Сөөк коюлучу жайы,Ҷойи дафнкунӣ,Jaýlanylýan ýer,dafn joyi,,,,,,,,,,,,L4|Burial site|Cemetery
102,MT-4-0004,L4,MT-3-0014,Cremation Cemetery,L4|Cremation Cemetery|Cemetery,True,Site types,Типы объектов,,Нысан түрлері,,,Ýadygärlikleriň görnüşleri,,Ritual religion and funerary,Ритуал религия и погребение,礼仪、宗教和丧葬,"Ритуал, дін және жерлеу","Ритуал, дин жана сөөк коюу",Маросими динӣ ва дафн,Ritual din we jaýlama,Diniy odat va dafn,Burial,Захоронение,墓葬,Жерлеу орны,Көмүү,Гӯристон,Jaýlanma,qabr,Cemetery,Кладбище,墓地/公墓,Зират,Көрүстөн,Қабристон,Gonamçylyk / Mazarlyk,Qabriston,Cremation Cemetery,Кладбише кремации,火葬场,кремация қорымы,Кремация көрүстөнү,Гӯристон барои крематсия/сӯзонидан,Kremasiya gonamçylygy,yondirilgan qabr / krematsiyalangan qabr,,,,,,,,,,,,L4|Cremation Cemetery|Cemetery
103,MT-4-0001,L4,MT-3-0014,Burial Cemetery,L4|Burial Cemetery|Cemetery,True,Site types,Типы объектов,,Нысан түрлері,,,Ýadygärlikleriň görnüşleri,,Ritual religion and funerary,Ритуал религия и погребение,礼仪、宗教和丧葬,"Ритуал, дін және жерлеу","Ритуал, дин жана сөөк коюу",Маросими динӣ ва дафн,Ritual din we jaýlama,Diniy odat va dafn,Burial,Захоронение,墓葬,Жерлеу орны,Көмүү,Гӯристон,Jaýlanma,qabr,Cemetery,Кладбище,墓地/公墓,Зират,Көрүстөн,Қабристон,Gonamçylyk / Mazarlyk,Qabriston,Burial Cemetery,Кладбише погребений,墓园,жерлеу қорымы,Сөөк коюучу жай,Қабристон барои дафн,Jaýlanylýan gonamçylyk,qabriston,,,,,,,,,,,,L4|Burial Cemetery|Cemetery
104,MT-3-0016,L3,MT-2-0011,Chambered tomb,L3|Chambered tomb|Burial,True,Site types,Типы объектов,,Нысан түрлері,,,Ýadygärlikleriň görnüşleri,,Ritual religion and funerary,Ритуал религия и погребение,礼仪、宗教和丧葬,"Ритуал, дін және жерлеу","Ритуал, дин жана сөөк коюу",Маросими динӣ ва дафн,Ritual din we jaýlama,Diniy odat va dafn,Burial,Захоронение,墓葬,Жерлеу орны,Көмүү,Гӯристон,Jaýlanma,qabr,Chambered tomb,Камералная гробница,多室墓,Камералы қабір,Камералдык мүрзө,Қабри камеравӣ,Kameraly mazar,dahma,,,,,,,,,,,,,,,,,,,,L3|Chambered tomb|Burial
105,MT-3-0017,L3,MT-2-0011,Chariot burial,L3|Chariot burial|Burial,True,Site types,Типы объектов,,Нысан түрлері,,,Ýadygärlikleriň görnüşleri,,Ritual religion and funerary,Ритуал религия и погребение,礼仪、宗教和丧葬,"Ритуал, дін және жерлеу","Ритуал, дин жана сөөк коюу",Маросими динӣ ва дафн,Ritual din we jaýlama,Diniy odat va dafn,Burial,Захоронение,墓葬,Жерлеу орны,Көмүү,Гӯристон,Jaýlanma,qabr,Chariot burial,Захоронение с Колесницой ,车（马）坑,Арба көмілген қорым,Араба менен көмүү,Қабр бо ароба,Arabaly jaýlama,arava mavjud qabr,,,,,,,,,,,,,,,,,,,,L3|Chariot burial|Burial
106,MT-3-0019,L3,MT-2-0011,Cist,L3|Cist|Burial,True,Site types,Типы объектов,,Нысан түрлері,,,Ýadygärlikleriň görnüşleri,,Ritual religion and funerary,Ритуал религия и погребение,礼仪、宗教和丧葬,"Ритуал, дін және жерлеу","Ритуал, дин жана сөөк коюу",Маросими динӣ ва дафн,Ritual din we jaýlama,Diniy odat va dafn,Burial,Захоронение,墓葬,Жерлеу орны,Көмүү,Гӯристон,Jaýlanma,qabr,Cist,Циста,石棺,Циста (тас жәшік) жерлеу,Циста,Сист,Sarkofag,sista,,,,,,,,,,,,,,,,,,,,L3|Cist|Burial
107,MT-3-0022,L3,MT-2-0011,Cremation burial,L3|Cremation burial|Burial,True,Site types,Типы объектов,,Нысан түрлері,,,Ýadygärlikleriň görnüşleri,,Ritual religion and funerary,Ритуал религия и погребение,礼仪、宗教和丧葬,"Ритуал, дін және жерлеу","Ритуал, дин жана сөөк коюу",Маросими динӣ ва дафн,Ritual din we jaýlama,Diniy odat va dafn,Burial,Захоронение,墓葬,Жерлеу орны,Көмүү,Гӯристон,Jaýlanma,qabr,Cremation burial,Захоренение Кремации,火葬墓,Кремацияланған көмбе,Кремацияны Көмүү,Қабри крематсияшуда,Kremasiýa gubry,krematsiya qabri,,,,,,,,,,,,,,,,,,,,L3|Cremation burial|Burial
108,MT-3-0028,L3,MT-2-0011,Grave,L3|Grave|Burial,True,Site types,Типы объектов,,Нысан түрлері,,,Ýadygärlikleriň görnüşleri,,Ritual religion and funerary,Ритуал религия и погребение,礼仪、宗教和丧葬,"Ритуал, дін және жерлеу","Ритуал, дин жана сөөк коюу",Маросими динӣ ва дафн,Ritual din we jaýlama,Diniy odat va dafn,Burial,Захоронение,墓葬,Жерлеу орны,Көмүү,Гӯристон,Jaýlanma,qabr,Grave,Могила,墓穴,Қабір,Мүрзө,Гӯр,Mazar,qabr,,,,,,,,,,,,,,,,,,,,L3|Grave|Burial
109,MT-3-0029,L3,MT-2-0011,Grave goods,L3|Grave goods|Burial,True,Site types,Типы объектов,,Нысан түрлері,,,Ýadygärlikleriň görnüşleri,,Ritual religion and funerary,Ритуал религия и погребение,礼仪、宗教和丧葬,"Ритуал, дін және жерлеу","Ритуал, дин жана сөөк коюу",Маросими динӣ ва дафн,Ritual din we jaýlama,Diniy odat va dafn,Burial,Захоронение,墓葬,Жерлеу орны,Көмүү,Гӯристон,Jaýlanma,qabr,Grave goods,Погребальный инвентарь,随葬品,Жерлеу бұйымдары,Мүрзө буюмдары,Таҷҳизоти дафншуда,Mazar predmetleri,Qabr topilmalari,,,,,,,,,,,,,,,,,,,,L3|Grave goods|Burial
110,MT-3-0030,L3,MT-2-0011,Graveyard,L3|Graveyard|Burial,True,Site types,Типы объектов,,Нысан түрлері,,,Ýadygärlikleriň görnüşleri,,Ritual religion and funerary,Ритуал религия и погребение,礼仪、宗教和丧葬,"Ритуал, дін және жерлеу","Ритуал, дин жана сөөк коюу",Маросими динӣ ва дафн,Ritual din we jaýlama,Diniy odat va dafn,Burial,Захоронение,墓葬,Жерлеу орны,Көмүү,Гӯристон,Jaýlanma,qabr,Graveyard,Кладбище / Могилник,墓地,Зират / Қорым,Көрүстөн / Мүрзө,Қабристон / Гӯристон,Gonamçylyk / Mazarlyk,qabriston,,,,,,,,,,,,,,,,,,,,L3|Graveyard|Burial
111,MT-3-0031,L3,MT-2-0011,Horse burial,L3|Horse burial|Burial,True,Site types,Типы объектов,,Нысан түрлері,,,Ýadygärlikleriň görnüşleri,,Ritual religion and funerary,Ритуал религия и погребение,礼仪、宗教和丧葬,"Ритуал, дін және жерлеу","Ритуал, дин жана сөөк коюу",Маросими динӣ ва дафн,Ritual din we jaýlama,Diniy odat va dafn,Burial,Захоронение,墓葬,Жерлеу орны,Көмүү,Гӯристон,Jaýlanma,qabr,Horse burial,Конное захоронение,（车）马坑,Жылқы жерлеу орны,Жылкыларды көмүү,Қабри асп дафшуда,At mazary,ot qabri,,,,,,,,,,,,,,,,,,,,L3|Horse burial|Burial
112,MT-3-0032,L3,MT-2-0011,Human and animal sacrifice,L3|Human and animal sacrifice|Burial,True,Site types,Типы объектов,,Нысан түрлері,,,Ýadygärlikleriň görnüşleri,,Ritual religion and funerary,Ритуал религия и погребение,礼仪、宗教和丧葬,"Ритуал, дін және жерлеу","Ритуал, дин жана сөөк коюу",Маросими динӣ ва дафн,Ritual din we jaýlama,Diniy odat va dafn,Burial,Захоронение,墓葬,Жерлеу орны,Көмүү,Гӯристон,Jaýlanma,qabr,Human and animal sacrifice,Жертвоприношение людей и животных,殉人殉牲,Адамдар мен жануарларды құрбандыққа шалу,Адам жана жаныбар курмандыгы,Қурбонии инсон ва ҳайвон,Adam we haýwan gurban ediş,odam va hayvonni qurbon qilish,,,,,,,,,,,,,,,,,,,,L3|Human and animal sacrifice|Burial
113,MT-3-0033,L3,MT-2-0011,Inhumation burial,L3|Inhumation burial|Burial,True,Site types,Типы объектов,,Нысан түрлері,,,Ýadygärlikleriň görnüşleri,,Ritual religion and funerary,Ритуал религия и погребение,礼仪、宗教和丧葬,"Ритуал, дін және жерлеу","Ритуал, дин жана сөөк коюу",Маросими динӣ ва дафн,Ritual din we jaýlama,Diniy odat va dafn,Burial,Захоронение,墓葬,Жерлеу орны,Көмүү,Гӯристон,Jaýlanma,qabr,Inhumation burial,Ингумационное захоронение,土葬墓,Ингумацияланған жерлеу,Ингумация көмүү,Қабри ингуматсияшуда,Ingumasion jaýlama,ingumatsiya qabri,,,,,,,,,,,,,,,,,,,,L3|Inhumation burial|Burial
114,MT-3-0035,L3,MT-2-0011,Kurgan,L3|Kurgan|Burial,True,Site types,Типы объектов,,Нысан түрлері,,,Ýadygärlikleriň görnüşleri,,Ritual religion and funerary,Ритуал религия и погребение,礼仪、宗教和丧葬,"Ритуал, дін және жерлеу","Ритуал, дин жана сөөк коюу",Маросими динӣ ва дафн,Ritual din we jaýlama,Diniy odat va dafn,Burial,Захоронение,墓葬,Жерлеу орны,Көмүү,Гӯристон,Jaýlanma,qabr,Kurgan,Курган,（俄罗斯、乌克兰）古冢,Қорған,Дөбө,Қӯрғон,Kurgan,qo‘rg‘on,,,,,,,,,,,,,,,,,,,,L3|Kurgan|Burial
115,MT-4-0006,L4,MT-3-0035,Kurgan (pyramidal),L4|Kurgan (pyramidal)|Kurgan,True,Site types,Типы объектов,,Нысан түрлері,,,Ýadygärlikleriň görnüşleri,,Ritual religion and funerary,Ритуал религия и погребение,礼仪、宗教和丧葬,"Ритуал, дін және жерлеу","Ритуал, дин жана сөөк коюу",Маросими динӣ ва дафн,Ritual din we jaýlama,Diniy odat va dafn,Burial,Захоронение,墓葬,Жерлеу орны,Көмүү,Гӯристон,Jaýlanma,qabr,Kurgan,Курган,（俄罗斯、乌克兰）古冢,Қорған,Дөбө,Қӯрғон,Kurgan,qo‘rg‘on,Kurgan (pyramidal),Курган (пирамидальный),库尔干(石堆),қорған (пирамида пішінді),Курган (пирамида),Қӯрғон (пирамидашакл),Kurgan (piramida şekilli),Qo‘rg‘on (piramidasimon),,,,,,,,,,,,L4|Kurgan (pyramidal)|Kurgan
116,MT-4-0007,L4,MT-3-0035,Kurgan (ring),L4|Kurgan (ring)|Kurgan,True,Site types,Типы объектов,,Нысан түрлері,,,Ýadygärlikleriň görnüşleri,,Ritual religion and funerary,Ритуал религия и погребение,礼仪、宗教和丧葬,"Ритуал, дін және жерлеу","Ритуал, дин жана сөөк коюу",Маросими динӣ ва дафн,Ritual din we jaýlama,Diniy odat va dafn,Burial,Захоронение,墓葬,Жерлеу орны,Көмүү,Гӯристон,Jaýlanma,qabr,Kurgan,Курган,（俄罗斯、乌克兰）古冢,Қорған,Дөбө,Қӯрғон,Kurgan,qo‘rg‘on,Kurgan (ring),Курган (кольцевой),库尔干(石围),қорған (шеңбер пішінді),Курган (шакекче),Кӯрғон (даврӣ),Kurgan (halka şekilli),Qo‘rg‘on (doira),,,,,,,,,,,,L4|Kurgan (ring)|Kurgan
117,MT-3-0042,L3,MT-2-0011,Necropolis,L3|Necropolis|Burial,True,Site types,Типы объектов,,Нысан түрлері,,,Ýadygärlikleriň görnüşleri,,Ritual religion and funerary,Ритуал религия и погребение,礼仪、宗教和丧葬,"Ритуал, дін және жерлеу","Ритуал, дин жана сөөк коюу",Маросими динӣ ва дафн,Ritual din we jaýlama,Diniy odat va dafn,Burial,Захоронение,墓葬,Жерлеу орны,Көмүү,Гӯристон,Jaýlanma,qabr,Necropolis,Некрополь,陵园,Некрополь,Некропол,Некропол,Nekropol,qabriston / nekropol,,,,,,,,,,,,,,,,,,,,L3|Necropolis|Burial
118,MT-3-0060,L3,MT-2-0011,Tomb,L3|Tomb|Burial,True,Site types,Типы объектов,,Нысан түрлері,,,Ýadygärlikleriň görnüşleri,,Ritual religion and funerary,Ритуал религия и погребение,礼仪、宗教和丧葬,"Ритуал, дін және жерлеу","Ритуал, дин жана сөөк коюу",Маросими динӣ ва дафн,Ritual din we jaýlama,Diniy odat va dafn,Burial,Захоронение,墓葬,Жерлеу орны,Көмүү,Гӯристон,Jaýlanma,qabr,Tomb,Гробница ,坟墓,Гробница / кесене,Мүрзө,Қабр,Gubur,qabr,,,,,,,,,,,,,,,,,,,,L3|Tomb|Burial
119,MT-4-0009,L4,MT-3-0060,Tomb pit,L4|Tomb pit|Tomb,True,Site types,Типы объектов,,Нысан түрлері,,,Ýadygärlikleriň görnüşleri,,Ritual religion and funerary,Ритуал религия и погребение,礼仪、宗教和丧葬,"Ритуал, дін және жерлеу","Ритуал, дин жана сөөк коюу",Маросими динӣ ва дафн,Ritual din we jaýlama,Diniy odat va dafn,Burial,Захоронение,墓葬,Жерлеу орны,Көмүү,Гӯристон,Jaýlanma,qabr,Tomb,Гробница,坟墓,Гробница / кесене,Мүрзө,Қабр,Gubur,qabr,Tomb pit,Могильная яма,墓圹,Мазар шұңқыры,Мүрзө чуңкуру,Чоҳи қабр,Gubur çukury,Qabr o‘rasi,,,,,,,,,,,,L4|Tomb pit|Tomb
120,MT-4-0005,L4,MT-3-0060,Dyn type burial,L4|Dyn type burial|Tomb,True,Site types,Типы объектов,,Нысан түрлері,,,Ýadygärlikleriň görnüşleri,,Ritual religion and funerary,Ритуал религия и погребение,礼仪、宗教和丧葬,"Ритуал, дін және жерлеу","Ритуал, дин жана сөөк коюу",Маросими динӣ ва дафн,Ritual din we jaýlama,Diniy odat va dafn,Burial,Захоронение,墓葬,Жерлеу орны,Көмүү,Гӯристон,Jaýlanma,qabr,Tomb,Гробница,坟墓,Гробница / кесене,Мүрзө,Қабр,Gubur,qabr,Dyn type burial,Дыны,平顶山丘墓地,Дын типті жерлеу,Дин түрүндөгү көмүү,Қабри навъи дюна,Diň tipli mazar,sulolaviy dahma,,,,,,,,,,,,L4|Dyn type burial|Tomb
121,MT-4-0008,L4,MT-3-0060,Pyramid-shaped burial,L4|Pyramid-shaped burial|Tomb,True,Site types,Типы объектов,,Нысан түрлері,,,Ýadygärlikleriň görnüşleri,,Ritual religion and funerary,Ритуал религия и погребение,礼仪、宗教和丧葬,"Ритуал, дін және жерлеу","Ритуал, дин жана сөөк коюу",Маросими динӣ ва дафн,Ritual din we jaýlama,Diniy odat va dafn,Burial,Захоронение,墓葬,Жерлеу орны,Көмүү,Гӯристон,Jaýlanma,qabr,Tomb,Гробница,坟墓,Гробница / кесене,Мүрзө,Қабр,Gubur,qabr,Pyramid-shaped burial,Пирамидное захоронение  , 金字塔型墓地,пирамида типті жерлеу,Пирамида түрүндөгү көмүү,Қабри пирамидашакл,Piramida şekilli mazar,piramidasimon dafn inshooti,,,,,,,,,,,,L4|Pyramid-shaped burial|Tomb
122,MT-3-0061,L3,MT-2-0011,Tombstone,L3|Tombstone|Burial,True,Site types,Типы объектов,,Нысан түрлері,,,Ýadygärlikleriň görnüşleri,,Ritual religion and funerary,Ритуал религия и погребение,礼仪、宗教和丧葬,"Ритуал, дін және жерлеу","Ритуал, дин жана сөөк коюу",Маросими динӣ ва дафн,Ritual din we jaýlama,Diniy odat va dafn,Burial,Захоронение,墓葬,Жерлеу орны,Көмүү,Гӯристон,Jaýlanma,qabr,Tombstone,Надгробный камень,墓碑,Бейіт тасы,Моло таш (Эстелик),Санги рӯи қабр,Mazar daşy,qabrtosh,,,,,,,,,,,,,,,,,,,,L3|Tombstone|Burial
123,MT-2-0013,L2,MT-1-0017,Cairn,L2|Cairn|Ritual religion and funerary,True,Site types,Типы объектов,,Нысан түрлері,,,Ýadygärlikleriň görnüşleri,,Ritual religion and funerary,Ритуал религия и погребение,礼仪、宗教和丧葬,"Ритуал, дін және жерлеу","Ритуал, дин жана сөөк коюу",Маросими динӣ ва дафн,Ritual din we jaýlama,Diniy odat va dafn,Cairn,Каирн,堆石,қорған үйіндісі/тас үйіндісі,Каирн,Каирн,Kairn,tosh uyumi (memorial),,,,,,,,,,,,,,,,,A monument featuring a bank or mound constructed primarily of stone.,"Памятник который содержит вал или насыпь, построенный в основном из камня.",以石块为主成堆的遗迹,Негізі тастан салынған қорған немесе үйіндіден тұратын ескерткіш.,Эстелик негизинен таштан курулган бирок топурак менен комулгон.  ,"Ёдгорие, ки дорои девор ё теппае мебошад, ки асосан аз санг сохта шудааст.",Esasan daşdan gurlan depe ýa-da mazar görnüşindäki ýadygärlik.,Asosan toshdan qurilgan qirg‘oq yoki tepalikni o‘z ichiga olgan yodgorlik,,,,L2|Cairn|Ritual religion and funerary
124,MT-2-0015,L2,MT-1-0017,Carving,L2|Carving|Ritual religion and funerary,True,Site types,Типы объектов,,Нысан түрлері,,,Ýadygärlikleriň görnüşleri,,Ritual religion and funerary,Ритуал религия и погребение,礼仪、宗教和丧葬,"Ритуал, дін және жерлеу","Ритуал, дин жана сөөк коюу",Маросими динӣ ва дафн,Ritual din we jaýlama,Diniy odat va dafn,Carving,Резьба / резное изображение,雕刻,Ою / ойылған бейне,Оюп Сүрө/жыгачтан оюу,Кандакорӣ,Oýulan keşp / oýmak,O‘ymakorlik,,,,,,,,,,,,,,,,,,,,,,,,,,,,L2|Carving|Ritual religion and funerary
125,MT-2-0025,L2,MT-1-0017,Cult site,L2|Cult site|Ritual religion and funerary,True,Site types,Типы объектов,,Нысан түрлері,,,Ýadygärlikleriň görnüşleri,,Ritual religion and funerary,Ритуал религия и погребение,礼仪、宗教和丧葬,"Ритуал, дін және жерлеу","Ритуал, дин жана сөөк коюу",Маросими динӣ ва дафн,Ritual din we jaýlama,Diniy odat va dafn,Cult site,Культовый памятник ,祭拜遗址,Діни ескерткіш,Культтук эстелик,Ёдгории мазҳабӣ,Kult ýeri,e'tiqod bilan bog‘liq yodgorlik,,,,,,,,,,,,,,,,,,,,,,,,,,,,L2|Cult site|Ritual religion and funerary
126,MT-2-0027,L2,MT-1-0017,Dahma,L2|Dahma|Ritual religion and funerary,True,Site types,Типы объектов,,Нысан түрлері,,,Ýadygärlikleriň görnüşleri,,Ritual religion and funerary,Ритуал религия и погребение,礼仪、宗教和丧葬,"Ритуал, дін және жерлеу","Ритуал, дин жана сөөк коюу",Маросими динӣ ва дафн,Ritual din we jaýlama,Diniy odat va dafn,Dahma,Дахма,安息塔,Дахма,Дахма,Дахма,Dahma,Dahma,,,,,,,,,,,,,,,,,,,,,,,,,,,,L2|Dahma|Ritual religion and funerary
127,MT-2-0051,L2,MT-1-0017,Graffiti,L2|Graffiti|Ritual religion and funerary,True,Site types,Типы объектов,,Нысан түрлері,,,Ýadygärlikleriň görnüşleri,,Ritual religion and funerary,Ритуал религия и погребение,礼仪、宗教和丧葬,"Ритуал, дін және жерлеу","Ритуал, дин жана сөөк коюу",Маросими динӣ ва дафн,Ritual din we jaýlama,Diniy odat va dafn,Graffiti,Граффити,涂鸦,Граффити,Граффити,Граффити,Grafiti,Ko‘cha rasmlari / Graffit,,,,,,,,,,,,,,,,,,,,,,,,,,,,L2|Graffiti|Ritual religion and funerary
128,MT-2-0052,L2,MT-1-0017,Grotto,L2|Grotto|Ritual religion and funerary,True,Site types,Типы объектов,,Нысан түрлері,,,Ýadygärlikleriň görnüşleri,,Ritual religion and funerary,Ритуал религия и погребение,礼仪、宗教和丧葬,"Ритуал, дін және жерлеу","Ритуал, дин жана сөөк коюу",Маросими динӣ ва дафн,Ritual din we jaýlama,Diniy odat va dafn,Grotto,Грот,石窟,Үңгір,Грот,Ғор,Grotto/ Kiçi gowak,G‘or / grotto (?),,,,,,,,,,,,,,,,,,,,,,,,,,,,L2|Grotto|Ritual religion and funerary
129,MT-2-0053,L2,MT-1-0017,Grotto complex/temple,L2|Grotto complex/temple|Ritual religion and funerary,True,Site types,Типы объектов,,Нысан түрлері,,,Ýadygärlikleriň görnüşleri,,Ritual religion and funerary,Ритуал религия и погребение,礼仪、宗教和丧葬,"Ритуал, дін және жерлеу","Ритуал, дин жана сөөк коюу",Маросими динӣ ва дафн,Ritual din we jaýlama,Diniy odat va dafn,Grotto complex/temple,Грот комплекс / храм,石窟寺,Үңгір кешені / ғибадатхана,Гротто комплекси/ибадаткана,Маҷмааи ғорҳо / маъбад,Grotto toplumy / ybadathana,G‘orlar tizimi / ibodatxona,,,,,,,,,,,,,,,,,,,,,,,,,,,,L2|Grotto complex/temple|Ritual religion and funerary
130,MT-3-0015,L3,MT-2-0053,Central pillar cave,L3|Central pillar cave|Grotto complex/temple,True,Site types,Типы объектов,,Нысан түрлері,,,Ýadygärlikleriň görnüşleri,,Ritual religion and funerary,Ритуал религия и погребение,礼仪、宗教和丧葬,"Ритуал, дін және жерлеу","Ритуал, дин жана сөөк коюу",Маросими динӣ ва дафн,Ritual din we jaýlama,Diniy odat va dafn,Grotto complex/temple,Грот комплекс / храм,石窟寺,Үңгір кешені / ғибадатхана,Гротто комплекси/ибадаткана,Маҷмааи ғорҳо / маъбад,Grotto toplumy / ybadathana,G‘orlar tizimi / ibodatxona,Central pillar cave,Пещера с центральной колонной,中心柱窟,Орталық бағанасы бар үңгір,Борбордук тирөөч үңкүрү,Ғор бо сутуни марказӣ,Merkezi sütünli gowak,Markaziy ustunli g‘or,,,,,,,,,,,,,,,,,,,,L3|Central pillar cave|Grotto complex/temple
131,MT-3-0063,L3,MT-2-0053,Wall painting/mural,L3|Wall painting/mural|Grotto complex/temple,True,Site types,Типы объектов,,Нысан түрлері,,,Ýadygärlikleriň görnüşleri,,Ritual religion and funerary,Ритуал религия и погребение,礼仪、宗教和丧葬,"Ритуал, дін және жерлеу","Ритуал, дин жана сөөк коюу",Маросими динӣ ва дафн,Ritual din we jaýlama,Diniy odat va dafn,Grotto complex/temple,Грот комплекс / храм,石窟寺,Үңгір кешені / ғибадатхана,Гротто комплекси/ибадаткана,Маҷмааи ғорҳо / маъбад,Grotto toplumy / ybadathana,G‘orlar tizimi / ibodatxona,Wall painting/mural,Настенная роспись,壁画,Қабырға суреттері,Дубал сүрөтү/мурал,Деворнигора,Diwarda çekilen suratlar,devoriy surat,,,,,,,,,,,,,,,,,,,,L3|Wall painting/mural|Grotto complex/temple
132,MT-3-0054,L3,MT-2-0053,Sculpture,L3|Sculpture|Grotto complex/temple,True,Site types,Типы объектов,,Нысан түрлері,,,Ýadygärlikleriň görnüşleri,,Ritual religion and funerary,Ритуал религия и погребение,礼仪、宗教和丧葬,"Ритуал, дін және жерлеу","Ритуал, дин жана сөөк коюу",Маросими динӣ ва дафн,Ritual din we jaýlama,Diniy odat va dafn,Grotto complex/temple,Грот комплекс / храм,石窟寺,Үңгір кешені / ғибадатхана,Гротто комплекси/ибадаткана,Маҷмааи ғорҳо / маъбад,Grotto toplumy / ybadathana,G‘orlar tizimi / ibodatxona,Sculpture ,Скульптура,雕塑,Мүсін,Айкел,Муҷассама,Heýkel,haykal,,,,,,,,,,,,,,,,,,,,L3|Sculpture|Grotto complex/temple
133,MT-3-0003,L3,MT-2-0053,Architecture attached to grottos,L3|Architecture attached to grottos|Grotto complex/temple,True,Site types,Типы объектов,,Нысан түрлері,,,Ýadygärlikleriň görnüşleri,,Ritual religion and funerary,Ритуал религия и погребение,礼仪、宗教和丧葬,"Ритуал, дін және жерлеу","Ритуал, дин жана сөөк коюу",Маросими динӣ ва дафн,Ritual din we jaýlama,Diniy odat va dafn,Grotto complex/temple,Грот комплекс / храм,石窟寺,Үңгір кешені / ғибадатхана,Гротто комплекси/ибадаткана,Маҷмааи ғорҳо / маъбад,Grotto toplumy / ybadathana,G‘orlar tizimi / ibodatxona,Architecture attached to grottos,Архитектура прилагающейся к гротам,窟外建筑,Үңгірге қосымша архитектуралық құрылыстар,Үңкүрлөргө тиркелген архитектура,Меъмории ба ғорҳо пайваст шуда,Grottalara berkidilen arhitektura,g‘orli arxitektura majmuasi,,,,,,,,,,,,,,,,,,,,L3|Architecture attached to grottos|Grotto complex/temple
134,MT-2-0054,L2,MT-1-0017,Hanaka,L2|Hanaka|Ritual religion and funerary,True,Site types,Типы объектов,,Нысан түрлері,,,Ýadygärlikleriň görnüşleri,,Ritual religion and funerary,Ритуал религия и погребение,礼仪、宗教和丧葬,"Ритуал, дін және жерлеу","Ритуал, дин жана сөөк коюу",Маросими динӣ ва дафн,Ritual din we jaýlama,Diniy odat va dafn,Hanaka,Ханака,哈纳卡,Ханака,Ханака,Хонақоҳ,Hanaka,Xonaqoh,,,,,,,,,,,,,,,,,,,,,,,,,,,,L2|Hanaka|Ritual religion and funerary
135,MT-2-0056,L2,MT-1-0017,Henge,L2|Henge|Ritual religion and funerary,True,Site types,Типы объектов,,Нысан түрлері,,,Ýadygärlikleriň görnüşleri,,Ritual religion and funerary,Ритуал религия и погребение,礼仪、宗教和丧葬,"Ритуал, дін және жерлеу","Ритуал, дин жана сөөк коюу",Маросими динӣ ва дафн,Ritual din we jaýlama,Diniy odat va dafn,Henge,Хендж,环阵,Хендж,Хендж,Хенҷ,Hendj,To‘sinli yodgorlik / Tosh yodgorlik,,,,,,,,,,,,,,,,,"Circular or sub-circular enclosure defined by a bank and (usually internal) ditch, with one or two (rarely more) entrances. Of ceremonial/ritual function, they contain a variety of internal features including timber or stone circles","Круглое или подкруглое ограждение, определяемое валом и (обычно внутренним) рвом, с одним или двумя (редко больше) входами. Исходя из церемониальной / ритуальной функции, они содержат множество внутренних особенностей, включая деревянные или каменные круги",以堤防和壕沟（多在内部）为界线的圆或近似圆形区域，有一到两处入口（很少超过两处）。环阵具有祭祀/礼仪功能，内部拥有内涵丰富要素，包括木材或石环。,"Бір немесе екі (сирек жағдайда одан да көп) кіреберісі бар, қорған мен (әдетте ішкі) ор арқылы анықталатын шеңбер немесе жартылай шеңбер қоршау. Көп жағдайда рәсімдік/діни мақсаттарға арналған. Олар ағаш немесе тас шеңберлерді қоса алғанда ішкі элементтерді қамтуы мүмкін.","Арык  (көбүнчө ички) менен аныкталган тегерек же жарым тегерек тосмо, бир же эки (сейрек) кире бериш менен. Салтанаттуу / ритуалдык функциянын негизинде, алар көптөгөн ички өзгөчөлүктөрдү, анын ичинде жыгач же таш тегерекчелерди камтый","Сохмони даврашакл ё зериҳавоӣ, ки бо девор ва (одатан даруни) як ё ду даромадгоҳ (аҳёнан бештар) муайян шудааст. Дар асоси вазифаи маросимӣ/маросим, ​​онҳо дорои хусусиятҳои зиёди дохилӣ, аз ҷумла доираҳои чӯбӣ ё сангӣ мебошанд","Bir ýa-da iki (ondan köp seýrek) girelgesi bolan, seňňer we (köplenç içerki) garym tarapyndan kesgitlenen tegelek ýa-da tegelek şekilli aýmança. Dabara / däp-dessur funksiýa üçin niýetlenen, olar agaç ýa-da daş tegelek ýaly dürli içki aýratynlyklary öz içinde saklaýar.","Doira yoki yarim doira shaklida bo‘lgan devor va (odatda ichki) xandaq bilan o‘ralgan hudud, bir yoki ikkita (kamdan-kam hollarda ko‘proq) kirish joylariga ega. Marosim/ritual maqsadida ishlatilgan bo‘lib, ichki qismlarida yog‘och yoki tosh halqalar kabi turli narsalarga ega.",,,,L2|Henge|Ritual religion and funerary
136,MT-2-0064,L2,MT-1-0017,Inscription,L2|Inscription|Ritual religion and funerary,True,Site types,Типы объектов,,Нысан түрлері,,,Ýadygärlikleriň görnüşleri,,Ritual religion and funerary,Ритуал религия и погребение,礼仪、宗教和丧葬,"Ритуал, дін және жерлеу","Ритуал, дин жана сөөк коюу",Маросими динӣ ва дафн,Ritual din we jaýlama,Diniy odat va dafn,Inscription,Надпись,题刻,Жазба,Жазуу,Катиба,Ýazgy,yozuv,,,,,,,,,,,,,,,,,,,,,,,,,,,,L2|Inscription|Ritual religion and funerary
137,MT-2-0072,L2,MT-1-0017,Madrasa,L2|Madrasa|Ritual religion and funerary,True,Site types,Типы объектов,,Нысан түрлері,,,Ýadygärlikleriň görnüşleri,,Ritual religion and funerary,Ритуал религия и погребение,礼仪、宗教和丧葬,"Ритуал, дін және жерлеу","Ритуал, дин жана сөөк коюу",Маросими динӣ ва дафн,Ritual din we jaýlama,Diniy odat va dafn,Madrasa,Медресе,伊斯兰宗教学校,Медресе,Медресе,Мадраса,Medrese,madrasa,,,,,,,,,,,,,,,,,,,,,,,,,,,,L2|Madrasa|Ritual religion and funerary
138,MT-2-0076,L2,MT-1-0017,Mausoleum,L2|Mausoleum|Ritual religion and funerary,True,Site types,Типы объектов,,Нысан түрлері,,,Ýadygärlikleriň görnüşleri,,Ritual religion and funerary,Ритуал религия и погребение,礼仪、宗教和丧葬,"Ритуал, дін және жерлеу","Ритуал, дин жана сөөк коюу",Маросими динӣ ва дафн,Ritual din we jaýlama,Diniy odat va dafn,Mausoleum,Мавзолей,陵墓,Кесене,Күмбөз,Мақбара,Mawzoleý,maqbara,,,,,,,,,,,,,,,,,,,,,,,,,,,,L2|Mausoleum|Ritual religion and funerary
139,MT-3-0038,L3,MT-2-0076,Mazar (Ma Zha),L3|Mazar (Ma Zha)|Mausoleum,True,Site types,Типы объектов,,Нысан түрлері,,,Ýadygärlikleriň görnüşleri,,Ritual religion and funerary,Ритуал религия и погребение,礼仪、宗教和丧葬,"Ритуал, дін және жерлеу","Ритуал, дин жана сөөк коюу",Маросими динӣ ва дафн,Ritual din we jaýlama,Diniy odat va dafn,Mausoleum,Мавзолей,陵墓,Кесене,Күмбөз,Мақбара,Mawzoleý,maqbara,Mazar (Ma Zha),Мазар (Ма чжа),麻扎,Мазар,Мазар (Ма чжа),Мазор,(Ma Ža) Mazar,mozor / qabriston,,,,,,,,,Islamic elite grave/mausoleum in Xinjiang region,Исламская элитная могила / мавзолей в регионе Синьцзян,,Синьцзян аймағындағы орналасқан ислам элитасының бейіті / кесенесі.,Синьцзян аймагындагы күмбөзү / Ислам элиталык мүрзөсү ,Қабр/мақбараи элитаи исломӣ дар вилояти Синзян,Şinjian regionyndaky yslam elitasynyň mazary / mawzoleýi,Shinjon viloyatidagi islom elita qabri/maqbarasi,,,,L3|Mazar (Ma Zha)|Mausoleum
140,MT-2-0077,L2,MT-1-0017,Memorial arch/screen,L2|Memorial arch/screen|Ritual religion and funerary,True,Site types,Типы объектов,,Нысан түрлері,,,Ýadygärlikleriň görnüşleri,,Ritual religion and funerary,Ритуал религия и погребение,礼仪、宗教和丧葬,"Ритуал, дін және жерлеу","Ритуал, дин жана сөөк коюу",Маросими динӣ ва дафн,Ritual din we jaýlama,Diniy odat va dafn,Memorial arch/screen,Мемориальная арка / экран,纪念拱门/牌坊/影壁,Естелік арка / тақта ,Эскерүү арка / экран,Арки ёдгорӣ/экран,Memorial ýadygärlik arka / ekran,yodgorlik darvozasi / ekran,,,,,,,,,,,,,,,,,,,,,,,,,,,,L2|Memorial arch/screen|Ritual religion and funerary
141,MT-2-0079,L2,MT-1-0017,Minaret,L2|Minaret|Ritual religion and funerary,True,Site types,Типы объектов,,Нысан түрлері,,,Ýadygärlikleriň görnüşleri,,Ritual religion and funerary,Ритуал религия и погребение,礼仪、宗教和丧葬,"Ритуал, дін және жерлеу","Ритуал, дин жана сөөк коюу",Маросими динӣ ва дафн,Ritual din we jaýlama,Diniy odat va dafn,Minaret,Минарет,尖塔/宣礼塔,Мұнара,Мунара,Манора,Minara,Minora,,,,,,,,,,,,,,,,,,,,,,,,,,,,L2|Minaret|Ritual religion and funerary
142,MT-2-0088,L2,MT-1-0017,Pagoda,L2|Pagoda|Ritual religion and funerary,True,Site types,Типы объектов,,Нысан түрлері,,,Ýadygärlikleriň görnüşleri,,Ritual religion and funerary,Ритуал религия и погребение,礼仪、宗教和丧葬,"Ритуал, дін және жерлеу","Ритуал, дин жана сөөк коюу",Маросими динӣ ва дафн,Ritual din we jaýlama,Diniy odat va dafn,Pagoda,Пагода,塔,Пагода,Пагода,Пагода,Pagoda,Pagoda minorasi,,,,,,,,,,,,,,,,,,,,,,,,,,,,L2|Pagoda|Ritual religion and funerary
143,MT-2-0091,L2,MT-1-0017,Petroglyph,L2|Petroglyph|Ritual religion and funerary,True,Site types,Типы объектов,,Нысан түрлері,,,Ýadygärlikleriň görnüşleri,,Ritual religion and funerary,Ритуал религия и погребение,礼仪、宗教和丧葬,"Ритуал, дін және жерлеу","Ритуал, дин жана сөөк коюу",Маросими динӣ ва дафн,Ritual din we jaýlama,Diniy odat va dafn,Petroglyph,Петроглиф,岩刻/岩画,Петроглиф,Петроглиф,Петроглиф,Petroglif,Qoyatosh surati / petroglif,,,,,,,,,,,,,,,,,"A decorative design or illustration, often an anthropomorphic or geometrical image, carved into a stone surface, such as a cave wall or free-standing stone. Usually, though not always, of Prehistoric date.","Декоративный дизайн или иллюстрация, часто антропоморфное или геометрическое изображение, вырезанное на каменной поверхности, такой как стена пещеры или отдельно стоящий камень. Обычно, хотя и не всегда, доисторической даты.",以人物和几何图形为主，刻在如洞穴岩壁或立石表面的装饰性设计或呈现。大多为史前遗迹，但不绝对。,"Декоративті дизайн немесе иллюстрация, көбінесе антропоморфтық немесе геометриялық кескін, үңгір қабырғасы немесе бос тұрған тас сияқты жартастың бетіне ойылған. Әдетте, үнемі болмаса да, тарихқа дейінгі кезең.","Үңкүрдүн дубалы же өзүнчө таш сыяктуу таш бетине чегилген декоративдик дизайн же иллюстрация, көбүнчө антропоморфтук же геометриялык сүрөт. Адатта, дайыма болбосо да, тарыхка чейинки мезгилге таандык.","Сурат ё тасвири ороишӣ, аксар вақт тасвири антропоморфӣ ё геометрӣ, ки дар рӯи санг кандакорӣ карда шудааст, ба монанди девори ғор ё санги озод. Одатан, гарчанде на ҳамеша, ба даврони пеш аз таърих мансуб аст.","Gowak diwary ýa-da daş ýüzüne nagyşlanan bezeg dizaýny ýa-da surat, köplenç antropomorf ýa-da geometrik şekil. Adatça, hemişe bolmasa-da, taryhdan öňki senä degişlidir.","Dekorativ dizayn yoki illyustratsiya, ko‘pincha antropomorfik yoki geometrik tasvir, g‘or devori yoki oddiy tosh yuzaga o‘yilgan. Odatda, har doim bo‘lmasa-da, tarixdan oldingi davrga tegishli.",,,,L2|Petroglyph|Ritual religion and funerary
144,MT-2-0095,L2,MT-1-0017,Religious complex,L2|Religious complex|Ritual religion and funerary,True,Site types,Типы объектов,,Нысан түрлері,,,Ýadygärlikleriň görnüşleri,,Ritual religion and funerary,Ритуал религия и погребение,礼仪、宗教和丧葬,"Ритуал, дін және жерлеу","Ритуал, дин жана сөөк коюу",Маросими динӣ ва дафн,Ritual din we jaýlama,Diniy odat va dafn,Religious complex,Религиозный комплекс,宗教场所,Діни кешен,Диний комплекс,Маҷмааи динӣ,Dini tomplum,diniy majmua,,,,,,,,,,,,,,,,,,,,,,,,,,,,L2|Religious complex|Ritual religion and funerary
145,MT-3-0018,L3,MT-2-0095,Church,L3|Church|Religious complex,True,Site types,Типы объектов,,Нысан түрлері,,,Ýadygärlikleriň görnüşleri,,Ritual religion and funerary,Ритуал религия и погребение,礼仪、宗教和丧葬,"Ритуал, дін және жерлеу","Ритуал, дин жана сөөк коюу",Маросими динӣ ва дафн,Ritual din we jaýlama,Diniy odat va dafn,Religious complex,Религиозный комплекс,宗教场所,Діни кешен,Диний комплекс,Маҷмааи динӣ,Dini tomplum,diniy majmua,Church,Церковь,教堂,Шіркеу,Чиркөө,Калисо,Buthana,Cherkov,,,,,,,,,,,,,,,,,,,,L3|Church|Religious complex
146,MT-3-0040,L3,MT-2-0095,Monastery,L3|Monastery|Religious complex,True,Site types,Типы объектов,,Нысан түрлері,,,Ýadygärlikleriň görnüşleri,,Ritual religion and funerary,Ритуал религия и погребение,礼仪、宗教和丧葬,"Ритуал, дін және жерлеу","Ритуал, дин жана сөөк коюу",Маросими динӣ ва дафн,Ritual din we jaýlama,Diniy odat va dafn,Religious complex,Религиозный комплекс,宗教场所,Діни кешен,Диний комплекс,Маҷмааи динӣ,Dini tomplum,diniy majmua,Monastery,Монастырь,修道院,Монастырь,Монастырь,Савмаа,Monastyr,Monastr,,,,,,,,,,,,,,,,,,,,L3|Monastery|Religious complex
147,MT-3-0041,L3,MT-2-0095,Mosque,L3|Mosque|Religious complex,True,Site types,Типы объектов,,Нысан түрлері,,,Ýadygärlikleriň görnüşleri,,Ritual religion and funerary,Ритуал религия и погребение,礼仪、宗教和丧葬,"Ритуал, дін және жерлеу","Ритуал, дин жана сөөк коюу",Маросими динӣ ва дафн,Ritual din we jaýlama,Diniy odat va dafn,Religious complex,Религиозный комплекс,宗教场所,Діни кешен,Диний комплекс,Маҷмааи динӣ,Dini tomplum,diniy majmua,Mosque,Мечеть,清真寺,Мешіт,Мечит,Масҷид,Metjit,Masjid,,,,,,,,,,,,,,,,,,,,L3|Mosque|Religious complex
148,MT-3-0058,L3,MT-2-0095,Temple,L3|Temple|Religious complex,True,Site types,Типы объектов,,Нысан түрлері,,,Ýadygärlikleriň görnüşleri,,Ritual religion and funerary,Ритуал религия и погребение,礼仪、宗教和丧葬,"Ритуал, дін және жерлеу","Ритуал, дин жана сөөк коюу",Маросими динӣ ва дафн,Ritual din we jaýlama,Diniy odat va dafn,Religious complex,Религиозный комплекс,宗教场所,Діни кешен,Диний комплекс,Маҷмааи динӣ,Dini tomplum,diniy majmua,Temple,Храм,寺庙,Ғибадатхана,Ибадаткана,Маъбад,Ybadathana,Ibodatxona,,,,,,,,,,,,,,,,,,,,L3|Temple|Religious complex
149,MT-2-0098,L2,MT-1-0017,Rock carving/cliff inscriptions,L2|Rock carving/cliff inscriptions|Ritual religion and funerary,True,Site types,Типы объектов,,Нысан түрлері,,,Ýadygärlikleriň görnüşleri,,Ritual religion and funerary,Ритуал религия и погребение,礼仪、宗教和丧葬,"Ритуал, дін және жерлеу","Ритуал, дин жана сөөк коюу",Маросими динӣ ва дафн,Ritual din we jaýlama,Diniy odat va dafn,Rock carving / cliff inscriptions ,Наскальные рисунки / надписи на скалах,石刻/题刻,Жартастағы суреттер / жартастағы жазбалар,Аскадагы сүрөттөр / аскалардагы жазуулар,Сангнигора / навиштаҷот дар шахҳо,Daşa oyulan suratlar / gaýa ýazgylary,qoyaga o‘yib ishlangan surat / qoyatosh bitiklari,,,,,,,,,,,,,,,,,,,,,,,,,,,,L2|Rock carving/cliff inscriptions|Ritual religion and funerary
150,MT-3-0001,L3,MT-2-0098,Ancient steles/tablet inscriptions,L3|Ancient steles/tablet inscriptions|Rock carving/cliff inscriptions,True,Site types,Типы объектов,,Нысан түрлері,,,Ýadygärlikleriň görnüşleri,,Ritual religion and funerary,Ритуал религия и погребение,礼仪、宗教和丧葬,"Ритуал, дін және жерлеу","Ритуал, дин жана сөөк коюу",Маросими динӣ ва дафн,Ritual din we jaýlama,Diniy odat va dafn,Rock carving/cliff inscriptions,Наскальные рисунки / надписи на скалах,石刻/题刻,Жартастағы суреттер / жартастағы жазбалар,Аскадагы сүрөттөр / аскалардагы жазуулар,Сангнигора / навиштаҷот дар шахҳо,Daşa oyulan suratlar / gaýa ýazgylary,qoyaga o‘yib ishlangan surat / qoyatosh bitiklari,Ancient steles / tablet inscriptions ,Древние стелы / надписи на табличках,历代碑刻,Ежелгі стелалар / тас тақта жазулары,Байыркы стелалар /табличкалардагы жазуулар,Стелаҳои қадимӣ / навиштаҷоти лавҳаҳо,Gadymy stelalar/ tekiz daş  ýazgylary,Qadimgi bitiktoshlar,,,,,,,,,,,,,,,,,,,,L3|Ancient steles/tablet inscriptions|Rock carving/cliff inscriptions
151,MT-3-0052,L3,MT-2-0098,Rock art,L3|Rock art|Rock carving/cliff inscriptions,True,Site types,Типы объектов,,Нысан түрлері,,,Ýadygärlikleriň görnüşleri,,Ritual religion and funerary,Ритуал религия и погребение,礼仪、宗教和丧葬,"Ритуал, дін және жерлеу","Ритуал, дин жана сөөк коюу",Маросими динӣ ва дафн,Ritual din we jaýlama,Diniy odat va dafn,Rock carving/cliff inscriptions,Наскальные рисунки / надписи на скалах,石刻/题刻,Жартастағы суреттер / жартастағы жазбалар,Аскадагы сүрөттөр / аскалардагы жазуулар,Сангнигора / навиштаҷот дар шахҳо,Daşa oyulan suratlar / gaýa ýazgylary,qoyaga o‘yib ishlangan surat / qoyatosh bitiklari,Rock art,Наскальное изображение ,岩画,Жартастағы суреттер,Аска-зоо сүрөтү,Тасвирҳои рӯисангӣ,Daş sungaty,Qoyatosh suratlari,,,,,,,,,,,,,,,,,,,,L3|Rock art|Rock carving/cliff inscriptions
152,MT-3-0023,L3,MT-2-0098,Deer stone,L3|Deer stone|Rock carving/cliff inscriptions,True,Site types,Типы объектов,,Нысан түрлері,,,Ýadygärlikleriň görnüşleri,,Ritual religion and funerary,Ритуал религия и погребение,礼仪、宗教和丧葬,"Ритуал, дін және жерлеу","Ритуал, дин жана сөөк коюу",Маросими динӣ ва дафн,Ritual din we jaýlama,Diniy odat va dafn,Rock carving/cliff inscriptions,Наскальные рисунки / надписи на скалах,石刻/题刻,Жартастағы суреттер / жартастағы жазбалар,Аскадагы сүрөттөр / аскалардагы жазуулар,Сангнигора / навиштаҷот дар шахҳо,Daşa oyulan suratlar / gaýa ýazgylary,qoyaga o‘yib ishlangan surat / qoyatosh bitiklari,Deer stone,Оленные камни ,鹿石,Бұғы тастары,Бугу таш,Санги оҳу,Sugun daşy,kiyiktosh,,,,,,,,,,,,,,,,,,,,L3|Deer stone|Rock carving/cliff inscriptions
153,MT-3-0037,L3,MT-2-0098,Man stone,L3|Man stone|Rock carving/cliff inscriptions,True,Site types,Типы объектов,,Нысан түрлері,,,Ýadygärlikleriň görnüşleri,,Ritual religion and funerary,Ритуал религия и погребение,礼仪、宗教和丧葬,"Ритуал, дін және жерлеу","Ритуал, дин жана сөөк коюу",Маросими динӣ ва дафн,Ritual din we jaýlama,Diniy odat va dafn,Rock carving/cliff inscriptions,Наскальные рисунки / надписи на скалах,石刻/题刻,Жартастағы суреттер / жартастағы жазбалар,Аскадагы сүрөттөр / аскалардагы жазуулар,Сангнигора / навиштаҷот дар шахҳо,Daşa oyulan suratlar / gaýa ýazgylary,qoyaga o‘yib ishlangan surat / qoyatosh bitiklari,Man stone,Балбал / Балбалтас,石人,Балбал / Балбалтас,Балбал / Балбалташ,Балбал,Adam şekilindäki daş sütün,Balbal,,,,,,,,,,,,,,,,,,,,L3|Man stone|Rock carving/cliff inscriptions
154,MT-2-0100,L2,MT-1-0017,Sacred scripture school,L2|Sacred scripture school|Ritual religion and funerary,True,Site types,Типы объектов,,Нысан түрлері,,,Ýadygärlikleriň görnüşleri,,Ritual religion and funerary,Ритуал религия и погребение,礼仪、宗教和丧葬,"Ритуал, дін және жерлеу","Ритуал, дин жана сөөк коюу",Маросими динӣ ва дафн,Ritual din we jaýlama,Diniy odat va dafn,Sacred scripture school,Школа Священного Писания,经文学堂,Қасиетті жазба мектебі,Ыйык Жазма Мектеби,Мактаби навиштаҳои муқаддас,Mukaddes ýazgylar mekdebi,xattotlik maktabi / muqaddas yozuvlar maktabi,,,,,,,,,,,,,,,,,,,,,,,,,,,,L2|Sacred scripture school|Ritual religion and funerary
155,MT-2-0101,L2,MT-1-0017,Sacrificial stack,L2|Sacrificial stack|Ritual religion and funerary,True,Site types,Типы объектов,,Нысан түрлері,,,Ýadygärlikleriň görnüşleri,,Ritual religion and funerary,Ритуал религия и погребение,礼仪、宗教和丧葬,"Ритуал, дін және жерлеу","Ритуал, дин жана сөөк коюу",Маросими динӣ ва дафн,Ritual din we jaýlama,Diniy odat va dafn,Sacrificial stack,стог жертвопринозщений,祭祀堆,Құрбандық үйіндісі,Курмандык чалынуучу жай,хирмангоҳи курбонй,Gurbanlyklar toplumy,qurbonlik to‘plami,,,,,,,,,,,,,,,,,,,,,,,,,,,,L2|Sacrificial stack|Ritual religion and funerary
156,MT-2-0102,L2,MT-1-0017,Sanctuary,L2|Sanctuary|Ritual religion and funerary,True,Site types,Типы объектов,,Нысан түрлері,,,Ýadygärlikleriň görnüşleri,,Ritual religion and funerary,Ритуал религия и погребение,礼仪、宗教和丧葬,"Ритуал, дін және жерлеу","Ритуал, дин жана сөөк коюу",Маросими динӣ ва дафн,Ritual din we jaýlama,Diniy odat va dafn,Sanctuary,Святилище,神庙,Қасиетті орын,Корук,Маъбадгоҳ,Mukaddes ýer,Muqaddas joy / ziyoratgoh,,,,,,,,,,,,,,,,,,,,,,,,,,,,L2|Sanctuary|Ritual religion and funerary
157,MT-2-0105,L2,MT-1-0017,Shrine,L2|Shrine|Ritual religion and funerary,True,Site types,Типы объектов,,Нысан түрлері,,,Ýadygärlikleriň görnüşleri,,Ritual religion and funerary,Ритуал религия и погребение,礼仪、宗教和丧葬,"Ритуал, дін және жерлеу","Ритуал, дин жана сөөк коюу",Маросими динӣ ва дафн,Ritual din we jaýlama,Diniy odat va dafn,Shrine,Святыня,神龛,Ғибадатхана,Ыйык жай,Маъбад,Mukaddes ýer,Muqaddas narsa (qurilma),,,,,,,,,,,,,,,,,,,,,,,,,,,,L2|Shrine|Ritual religion and funerary
158,MT-2-0106,L2,MT-1-0017,Standing stone,L2|Standing stone|Ritual religion and funerary,True,Site types,Типы объектов,,Нысан түрлері,,,Ýadygärlikleriň görnüşleri,,Ritual religion and funerary,Ритуал религия и погребение,礼仪、宗教和丧葬,"Ритуал, дін және жерлеу","Ритуал, дин жана сөөк коюу",Маросими динӣ ва дафн,Ritual din we jaýlama,Diniy odat va dafn,Standing stone,Стоящий камень,立石/孤赏石,Тік тұрған тас,Турган таш,Санги истода,Dik daş,Tik tosh / turgan tosh,,,,,,,,,,,,,,,,,,,,,,,,,,,,L2|Standing stone|Ritual religion and funerary
159,MT-2-0107,L2,MT-1-0017,Statue,L2|Statue|Ritual religion and funerary,True,Site types,Типы объектов,,Нысан түрлері,,,Ýadygärlikleriň görnüşleri,,Ritual religion and funerary,Ритуал религия и погребение,礼仪、宗教和丧葬,"Ритуал, дін және жерлеу","Ритуал, дин жана сөөк коюу",Маросими динӣ ва дафн,Ritual din we jaýlama,Diniy odat va dafn,Statue,Статуя,雕像,Мүсін,Айкел,Муҷассама,Heýkel,Haykal,,,,,,,,,,,,,,,,,,,,,,,,,,,,L2|Statue|Ritual religion and funerary
160,MT-2-0108,L2,MT-1-0017,Stone circle,L2|Stone circle|Ritual religion and funerary,True,Site types,Типы объектов,,Нысан түрлері,,,Ýadygärlikleriň görnüşleri,,Ritual religion and funerary,Ритуал религия и погребение,礼仪、宗教和丧葬,"Ритуал, дін және жерлеу","Ритуал, дин жана сөөк коюу",Маросими динӣ ва дафн,Ritual din we jaýlama,Diniy odat va dafn,Stone circle,Каменный круг,石环/石圈/环状石阵,Тас шеңбер,Таштан тоголокчо ,Доираи сангӣ,Daş tegelek,tosh doira,,,,,,,,,,,,,,,,,,,,,,,,,,,,L2|Stone circle|Ritual religion and funerary
161,MT-2-0114,L2,MT-1-0017,Stupa,L2|Stupa|Ritual religion and funerary,True,Site types,Типы объектов,,Нысан түрлері,,,Ýadygärlikleriň görnüşleri,,Ritual religion and funerary,Ритуал религия и погребение,礼仪、宗教和丧葬,"Ритуал, дін және жерлеу","Ритуал, дин жана сөөк коюу",Маросими динӣ ва дафн,Ritual din we jaýlama,Diniy odat va dafn,Stupa,Ступа,佛塔,Ступа,Ступа,Ступа,Stupa,Supa,,,,,,,,,,,,,,,,,,,,,,,,,,,,L2|Stupa|Ritual religion and funerary
162,MT-2-0125,L2,MT-1-0017,War memorial,L2|War memorial|Ritual religion and funerary,True,Site types,Типы объектов,,Нысан түрлері,,,Ýadygärlikleriň görnüşleri,,Ritual religion and funerary,Ритуал религия и погребение,礼仪、宗教和丧葬,"Ритуал, дін және жерлеу","Ритуал, дин жана сөөк коюу",Маросими динӣ ва дафн,Ritual din we jaýlama,Diniy odat va dafn,War memorial,Военный мемориал,战争纪念建筑,Әскери мемориал,Согуш мемориалы,Ёдгории ҷанг,Uruş ýadygärligi,harbiy yodgorlik,,,,,,,,,,,,,,,,,,,,,,,,,,,,L2|War memorial|Ritual religion and funerary
163,MT-1-0018,L1,,Russian and Soviet architecture,L1|Russian and Soviet architecture|NA,True,Site types,Типы объектов,,Нысан түрлері,,,Ýadygärlikleriň görnüşleri,,Russian and Soviet architecture ,Русская и советская архитектура,俄、苏式建筑,Орыс және кеңестік сәулет,Орус жана советтик архитектура,Меъмории рус ва советӣ,Rus we Sovet arhitekturasy,Rus va sovet arxitekturasi,,,,,,,,,,,,,,,,,,,,,,,,,,,,,,,,,,,,L1|Russian and Soviet architecture|NA
164,MT-1-0019,L1,,Settlement,L1|Settlement|NA,True,Site types,Типы объектов,,Нысан түрлері,,,Ýadygärlikleriň görnüşleri,,Settlement,Поселение,聚落遗址,Қоныс,Конуш,Бошишгоҳ,Şäherçe / oturymly ýerler,Manzlgoh,,,,,,,,,,,,,,,,,,,,,,,,,,,,,,,,,,,,L1|Settlement|NA
165,MT-2-0017,L2,MT-1-0019,Cave,L2|Cave|Settlement,True,Site types,Типы объектов,,Нысан түрлері,,,Ýadygärlikleriň görnüşleri,,Settlement,Поселение,聚落遗址,Қоныс,Конуш,Бошишгоҳ,Şäherçe / oturymly ýerler,Manzlgoh,Cave,Пещера,洞穴,Үңгір,Үңкүр,Ғор,Gowak,G‘or,,,,,,,,,,,,,,,,,,,,,,,,,,,,L2|Cave|Settlement
166,MT-2-0019,L2,MT-1-0019,Citadel,L2|Citadel|Settlement,True,Site types,Типы объектов,,Нысан түрлері,,,Ýadygärlikleriň görnüşleri,,Settlement,Поселение,聚落遗址,Қоныс,Конуш,Бошишгоҳ,Şäherçe / oturymly ýerler,Manzlgoh,Citadel,Цитадель,城堡,Цитадель,Чеп,Диж,Sitadel,Ark,,,,,,,,,,,,,,,,,,,,,,,,,,,,L2|Citadel|Settlement
167,MT-2-0020,L2,MT-1-0019,City,L2|City|Settlement,True,Site types,Типы объектов,,Нысан түрлері,,,Ýadygärlikleriň görnüşleri,,Settlement,Поселение,聚落遗址,Қоныс,Конуш,Бошишгоҳ,Şäherçe / oturymly ýerler,Manzlgoh,City,Город,城市,Қала,Шаар,Шаҳр,Şäher ,Shahar,,,,,,,,,,,,,,,,,,,,,,,,,,,,L2|City|Settlement
168,MT-2-0031,L2,MT-1-0019,Ding,L2|Ding|Settlement,True,Site types,Типы объектов,,Нысан түрлері,,,Ýadygärlikleriň görnüşleri,,Settlement,Поселение,聚落遗址,Қоныс,Конуш,Бошишгоҳ,Şäherçe / oturymly ýerler,Manzlgoh,Ding,Динг,碉堡/角楼,Діңгек,Динг,Динг,Diň,qorovulxona / kuzatuv minorasi / Ding (?),,,,,,,,,,,,,,,,,,,,,,,,,,,,L2|Ding|Settlement
169,MT-3-0034,L3,MT-2-0031,Inner city,L3|Inner city|Ding,True,Site types,Типы объектов,,Нысан түрлері,,,Ýadygärlikleriň görnüşleri,,Settlement,Поселение,聚落遗址,Қоныс,Конуш,Бошишгоҳ,Şäherçe / oturymly ýerler,Manzlgoh,Ding,Динг,碉堡/角楼,Діңгек,Динг,Динг,Diň,qorovulxona / kuzatuv minorasi / Ding (?),Inner city,Внутренний город,内城,Ішкі қала,Ички шаар,Шаҳри дохилӣ,Içki şäher,Shahriston / Ichki shahar / Ichan qal'a,,,,,,,,,,,,,,,,,,,,L3|Inner city|Ding
170,MT-3-0044,L3,MT-2-0031,Outer city,L3|Outer city|Ding,True,Site types,Типы объектов,,Нысан түрлері,,,Ýadygärlikleriň görnüşleri,,Settlement,Поселение,聚落遗址,Қоныс,Конуш,Бошишгоҳ,Şäherçe / oturymly ýerler,Manzlgoh,Ding,Динг,碉堡/角楼,Діңгек,Динг,Динг,Diň,qorovulxona / kuzatuv minorasi / Ding (?),Outer city,Внешний город,外城,Сыртқы қала,Сырткы шаар ,Шаҳри берунӣ,Daşky şäher,Rabod / Tashqi shahar / Dishan qal'a,,,,,,,,,,,,,,,,,,,,L3|Outer city|Ding
171,MT-2-0042,L2,MT-1-0019,Folk house,L2|Folk house|Settlement,True,Site types,Типы объектов,,Нысан түрлері,,,Ýadygärlikleriň görnüşleri,,Settlement,Поселение,聚落遗址,Қоныс,Конуш,Бошишгоҳ,Şäherçe / oturymly ýerler,Manzlgoh,Folk house,Традиционный дом,传统民居,Дәстүрлі үй,Салттуу үй,Хонаи суннатӣ,Adaty milli jaý,milliy uy,,,,,,,,,,,,,,,,,,,,,,,,,,,,L2|Folk house|Settlement
172,MT-2-0057,L2,MT-1-0019,Hillfort,L2|Hillfort|Settlement,True,Site types,Типы объектов,,Нысан түрлері,,,Ýadygärlikleriň görnüşleri,,Settlement,Поселение,聚落遗址,Қоныс,Конуш,Бошишгоҳ,Şäherçe / oturymly ýerler,Manzlgoh,Hillfort,Городище,丘堡,Қалашық,Шаарча ,Шаҳрак,Depe üsti gala,tog‘ qal'asi,,,,,,,,,,,,,,,,,,,,,,,,,,,,L2|Hillfort|Settlement
173,MT-2-0069,L2,MT-1-0019,Koshk,L2|Koshk|Settlement,True,Site types,Типы объектов,,Нысан түрлері,,,Ýadygärlikleriň görnüşleri,,Settlement,Поселение,聚落遗址,Қоныс,Конуш,Бошишгоҳ,Şäherçe / oturymly ýerler,Manzlgoh,Koshk,Кёшк,城堡/戍堡,Көшк,Кёшк,Кӯшк,Köşk,ko‘shk,,,,,,,,,,,,,,,,,,,,,,,,,,,,L2|Koshk|Settlement
174,MT-2-0074,L2,MT-1-0019,Manor house,L2|Manor house|Settlement,True,Site types,Типы объектов,,Нысан түрлері,,,Ýadygärlikleriň görnüşleri,,Settlement,Поселение,聚落遗址,Қоныс,Конуш,Бошишгоҳ,Şäherçe / oturymly ýerler,Manzlgoh,Manor house,Особняк,庄园主宅邸,Зәулім үй,Особняк ( Чон Уй ),Хонаи манор,Kaşaň jaý,koshona / qasr,,,,,,,,,,,,,,,,,,,,,,,,,,,,L2|Manor house|Settlement
175,MT-2-0083,L2,MT-1-0019,Nomadic campsite,L2|Nomadic campsite|Settlement,True,Site types,Типы объектов,,Нысан түрлері,,,Ýadygärlikleriň görnüşleri,,Settlement,Поселение,聚落遗址,Қоныс,Конуш,Бошишгоҳ,Şäherçe / oturymly ýerler,Manzlgoh,Nomadic campsite,Кочевой лагерь,游牧帐幕遗址,Көшпелі лагерь,Көчмөндөр лагери,Ӯрдугоҳи бодиянишинон,Çarwa düşelgesi,Ovul,,,,,,,,,,,,,,,,,,,,,,,,,,,,L2|Nomadic campsite|Settlement
176,MT-3-0056,L3,MT-2-0083,Stone foundation,L3|Stone foundation|Nomadic campsite,True,Site types,Типы объектов,,Нысан түрлері,,,Ýadygärlikleriň görnüşleri,,Settlement,Поселение,聚落遗址,Қоныс,Конуш,Бошишгоҳ,Şäherçe / oturymly ýerler,Manzlgoh,Nomadic campsite,Кочевой лагерь,游牧帐幕遗址,Көшпелі лагерь,Көчмөндөр лагери,Ӯрдугоҳи бодиянишинон,Çarwa düşelgesi,Ovul,Stone foundation ,Каменный фундамент,石构基址,Тас іргетас,Таш пайдубалы,Таҳкурсии сангӣ,Daş fundament,Toshli asos (poydevor),,,,,,,,,,,,,,,,,,,,L3|Stone foundation|Nomadic campsite
177,MT-3-0024,L3,MT-2-0083,Doorway,L3|Doorway|Nomadic campsite,True,Site types,Типы объектов,,Нысан түрлері,,,Ýadygärlikleriň görnüşleri,,Settlement,Поселение,聚落遗址,Қоныс,Конуш,Бошишгоҳ,Şäherçe / oturymly ýerler,Manzlgoh,Nomadic campsite,Кочевой лагерь,游牧帐幕遗址,Көшпелі лагерь,Көчмөндөр лагери,Ӯрдугоҳи бодиянишинон,Çarwa düşelgesi,Ovul,Doorway,Дверной проем,门道,Есік ойығы,Кереге ,Даромадгоҳ,Gapy agzy,Eshikli yo‘lak,,,,,,,,,,,,,,,,,,,,L3|Doorway|Nomadic campsite
178,MT-3-0027,L3,MT-2-0083,Fire pit,L3|Fire pit|Nomadic campsite,True,Site types,Типы объектов,,Нысан түрлері,,,Ýadygärlikleriň görnüşleri,,Settlement,Поселение,聚落遗址,Қоныс,Конуш,Бошишгоҳ,Şäherçe / oturymly ýerler,Manzlgoh,Nomadic campsite,Кочевой лагерь,游牧帐幕遗址,Көшпелі лагерь,Көчмөндөр лагери,Ӯрдугоҳи бодиянишинон,Çarwa düşelgesi,Ovul,Fire pit,Яма для огня,火塘,Ошақ шұңқыры,Өрт чуңкуру,Чоҳи оташ,Ot üçin çukur,Olov o‘rasi,,,,,,,,,,,,,,,,,,,,L3|Fire pit|Nomadic campsite
179,MT-2-0109,L2,MT-1-0019,Stone circle dwelling,L2|Stone circle dwelling|Settlement,True,Site types,Типы объектов,,Нысан түрлері,,,Ýadygärlikleriň görnüşleri,,Settlement,Поселение,聚落遗址,Қоныс,Конуш,Бошишгоҳ,Şäherçe / oturymly ýerler,Manzlgoh,Stone circle dwelling,Жилища из каменного круга ,石围居址,Тас шеңберлі үйлер,Таш Тоголок Уй,Хонаҳои доирашакли сангин,Tegelek daşdan gurlan jay,tosh doira shaklli turar joy,,,,,,,,,,,,,,,,,,,,,,,,,,,,L2|Stone circle dwelling|Settlement
180,MT-2-0110,L2,MT-1-0019,Stone platform/building,L2|Stone platform/building|Settlement,True,Site types,Типы объектов,,Нысан түрлері,,,Ýadygärlikleriň görnüşleri,,Settlement,Поселение,聚落遗址,Қоныс,Конуш,Бошишгоҳ,Şäherçe / oturymly ýerler,Manzlgoh,Stone platform /building,Каменная платформа / здание,中心石构高台建筑,Тас платформа / ғимарат,Таш платформа / имарат,Платформаи сангин / бино,Daşdan yasalan platforma / jaý,tosh platforma / bino,,,,,,,,,,,,,,,,,,,,,,,,,,,,L2|Stone platform/building|Settlement
181,MT-2-0116,L2,MT-1-0019,Tepe,L2|Tepe|Settlement,True,Site types,Типы объектов,,Нысан түрлері,,,Ýadygärlikleriň görnüşleri,,Settlement,Поселение,聚落遗址,Қоныс,Конуш,Бошишгоҳ,Şäherçe / oturymly ýerler,Manzlgoh,Tepe,Тепе / депе,土丘遗址,Төбе ,Тепе / депе,Теппа,Depe,Tepa,,,,,,,,,,,,,,,,,,,,,,,,,,,,L2|Tepe|Settlement
182,MT-2-0117,L2,MT-1-0019,Town,L2|Town|Settlement,True,Site types,Типы объектов,,Нысан түрлері,,,Ýadygärlikleriň görnüşleri,,Settlement,Поселение,聚落遗址,Қоныс,Конуш,Бошишгоҳ,Şäherçe / oturymly ýerler,Manzlgoh,Town,Городок,城镇/市镇,Қала жұрты,Шаарча,Шаҳрак,Şäherçe,Shaharcha,,,,,,,,,,,,,,,,,,,,,,,,,,,,L2|Town|Settlement
183,MT-2-0120,L2,MT-1-0019,Unenclosed settlement,L2|Unenclosed settlement|Settlement,True,Site types,Типы объектов,,Нысан түрлері,,,Ýadygärlikleriň görnüşleri,,Settlement,Поселение,聚落遗址,Қоныс,Конуш,Бошишгоҳ,Şäherçe / oturymly ýerler,Manzlgoh,Unenclosed settlement,Незакрытое поселение,开放式居址,Бекініссіз қоныс/Қалашық,Жабылбаган конуш,Бошишгоҳи бастанашуда,Daşy aýlanmadyk oturymly ýerler,Ochiq rejali turarjoy,,,,,,,,,,,,,,,,,,,,,,,,,,,,L2|Unenclosed settlement|Settlement
184,MT-2-0122,L2,MT-1-0019,Village,L2|Village|Settlement,True,Site types,Типы объектов,,Нысан түрлері,,,Ýadygärlikleriň görnüşleri,,Settlement,Поселение,聚落遗址,Қоныс,Конуш,Бошишгоҳ,Şäherçe / oturymly ýerler,Manzlgoh,Village,Деревня,村庄,Ауыл,Айыл,Деҳа,Oba,Qishloq,,,,,,,,,,,,,,,,,,,,,,,,,,,,L2|Village|Settlement
185,MT-1-0020,L1,,Site,L1|Site|NA,True,Site types,Типы объектов,,Нысан түрлері,,,Ýadygärlikleriň görnüşleri,,Site,Объект ,遗址,Нысан,Объект ,Ёдгорӣ,Ýadygärlik ýer/obýekt,Yodgorlik / obyekt,,,,,,,,,,,,,,,,,,,,,,,,,Unspecified archaeological site,Неопределённый археологический памятник,未指明的考古遗址,Белгісіз археологиялық ескерткіш.,Белгисиз археологиялык эстелик,Ёдгории бостоншиносии номуайян.,Näbelli arheologiki ýadygärlik,Turga ajratilmagan arxeologik yodgorlik,,,,L1|Site|NA
186,MT-2-0035,L2,MT-1-0020,Early hominid site,L2|Early hominid site|Site,True,Site types,Типы объектов,,Нысан түрлері,,,Ýadygärlikleriň görnüşleri,,Site,Объект,遗址,Нысан,Объект,Ёдгорӣ,Ýadygärlik ýer/obýekt,Yodgorlik / obyekt,Early hominid site,Памятник ранних гоминидов,早期人类遗址,Тұрақ,Алгачкы гоминиддер жашаган жер,Истгоҳ,Irki gominid ýadygärligi,ibtidoiy odam makoni,,,,,,,,,,,,,,,,,,,,,,,,,,,,L2|Early hominid site|Site
187,MT-2-0010,L2,MT-1-0020,Building,L2|Building|Site,True,Site types,Типы объектов,,Нысан түрлері,,,Ýadygärlikleriň görnüşleri,,Site,Объект,遗址,Нысан,Объект,Ёдгорӣ,Ýadygärlik ýer/obýekt,Yodgorlik / obyekt,Building,Здание,建筑,Ғимарат,Имарат,Бино,Bina,Bino,,,,,,,,,,,,,,,,,,,,,,,,,,,,L2|Building|Site
188,MT-2-0099,L2,MT-1-0020,Ruin,L2|Ruin|Site,True,Site types,Типы объектов,,Нысан түрлері,,,Ýadygärlikleriň görnüşleri,,Site,Объект,遗址,Нысан,Объект,Ёдгорӣ,Ýadygärlik ýer/obýekt,Yodgorlik / obyekt,Ruin,Руины,遗迹,Қираған орын,Урандылар,Харобаҳо,Haraba,Qoldiqlar / xaroba,,,,,,,,,,,,,,,,,,,,,,,,,,,,L2|Ruin|Site
189,MT-2-0113,L2,MT-1-0020,Structure,L2|Structure|Site,True,Site types,Типы объектов,,Нысан түрлері,,,Ýadygärlikleriň görnüşleri,,Site,Объект,遗址,Нысан,Объект,Ёдгорӣ,Ýadygärlik ýer/obýekt,Yodgorlik / obyekt,Structure,Структура,构件,Құрылым,Структурасы,Сохтор,Struktura,Tuzilma,,,,,,,,,,,,,,,,,,,,,,,,,,,,L2|Structure|Site
190,MT-1-0021,L1,,Tower,L1|Tower|NA,True,Site types,Типы объектов,,Нысан түрлері,,,Ýadygärlikleriň görnüşleri,,Tower,башня,高塔,Мұнара,Мунара,Бурҷ,Diň,Minora,,,,,,,,,,,,,,,,,,,,,,,,,,,,,,,,,,,,L1|Tower|NA
191,MT-1-0022,L1,,Trade/commerce,L1|Trade/commerce|NA,True,Site types,Типы объектов,,Нысан түрлері,,,Ýadygärlikleriň görnüşleri,,Trade/commerce,Торговля / коммерция,贸易/商业,Сауда / коммерция,Соода / соода,Савдо / тиҷорат,Söwda/täjirçilik,Savdo / tijorat,,,,,,,,,,,,,,,,,,,,,,,,,,,,,,,,,,,,L1|Trade/commerce|NA
192,MT-2-0002,L2,MT-1-0022,Ancient route,L2|Ancient route|Trade/commerce,True,Site types,Типы объектов,,Нысан түрлері,,,Ýadygärlikleriň görnüşleri,,Trade/commerce,Торговля / коммерция,贸易/商业,Сауда / коммерция,Соода / соода,Савдо / тиҷорат,Söwda/täjirçilik,Savdo / tijorat,Ancient route,Древний маршрут,古道,Ежелгі маршрут/жол,Байыркы жол,Роҳи қадим,Gadymy marşrut,qadimgi yo‘nalish,,,,,,,,,,,,,,,,,,,,,,,,,,,,L2|Ancient route|Trade/commerce
193,MT-2-0007,L2,MT-1-0022,Beacon tower,L2|Beacon tower|Trade/commerce,True,Site types,Типы объектов,,Нысан түрлері,,,Ýadygärlikleriň görnüşleri,,Trade/commerce,Торговля / коммерция,贸易/商业,Сауда / коммерция,Соода / соода,Савдо / тиҷорат,Söwda/täjirçilik,Savdo / tijorat,Beacon tower,Башня маяка,烽燧,Маяк мұнарасы,Маяк мунарасы,Бурҷи фонуси дарёӣ,Maýak diňi,Mayoq minorasi,,,,,,,,,,,,,,,,,,,,,,,,,,,,L2|Beacon tower|Trade/commerce
194,MT-2-0008,L2,MT-1-0022,Bridge,L2|Bridge|Trade/commerce,True,Site types,Типы объектов,,Нысан түрлері,,,Ýadygärlikleriň görnüşleri,,Trade/commerce,Торговля / коммерция,贸易/商业,Сауда / коммерция,Соода / соода,Савдо / тиҷорат,Söwda/täjirçilik,Savdo / tijorat,Bridge,Мост,桥梁,Көпір,Көпүрө,Пул,Köpri,Ko‘prik,,,,,,,,,,,,,,,,,,,,,,,,,,,,L2|Bridge|Trade/commerce
195,MT-2-0014,L2,MT-1-0022,Caravanserai,L2|Caravanserai|Trade/commerce,True,Site types,Типы объектов,,Нысан түрлері,,,Ýadygärlikleriň görnüşleri,,Trade/commerce,Торговля / коммерция,贸易/商业,Сауда / коммерция,Соода / соода,Савдо / тиҷорат,Söwda/täjirçilik,Savdo / tijorat,Caravanserai,Караван-сарай,商队旅馆/驿站/客栈,Керуен-сарай,Кербен сарай,Корвонсарой,Kerwensaraý,Karvonsaroy,,,,,,,,,,,,,,,,,"Dedicated structures with short-term lodging for both commercial and non-commercial travellers, and stabling for a large number of their saddle/draft/pack-animals.","Специализированные сооружения с краткосрочным жильем как для коммерческих, так и для некоммерческих путешественников, а также конюшня для большого количества их седельных / тягловых / вьючных животных.",专为商业和非商业旅客提供短期住宿的场所，配有畜舍，可安置大量役兽/驮兽。,"Коммерциялық және коммерциялық емес саяхатшылар үшін қысқа мерзімді тұрғын үй ретінде пайдаланылатын арнайы құрылыстар, сондай-ақ олардың көптеген жүк, көлік немесе салт аттарына арналған атқора.",Коммерциялык жана коммерциялык эмес саякатчылар үчүн кыска мөөнөттүү турак жай ошондой эле алардын көп сандагы аттын конушу/суу тартышы/ жүк ташуучу жаныбарлары үчүн сарай.,"Биноҳои махсусгардонидашуда барои манзили кӯтоҳмуддати ҳам сайёҳони тиҷоратӣ ва ҳам ғайритиҷоратӣ, инчунин оворҳо барои шумораи зиёди ҳайвонот.",Söwda we täjir däl syýahatçylar üçin gysga möhletli ýaşaýyş jaýlary we köp sanly eýer / tirkeg / ýük haýwanlary üçin at ýataklar.,"Tijoriy va notijorat sayohatchilarni qisqa muddatli turar joy bilan ta'minlashga ixtisoslashtirilgan binolar, shuningdek, ularning ko‘p sonli miniladigan / yuk tortuvchi / yuk tashuvchi hayvonlari uchun og‘ilxonalar.",,,,L2|Caravanserai|Trade/commerce
196,MT-3-0025,L3,MT-2-0014,Double courtyard caravanserai,L3|Double courtyard caravanserai|Caravanserai,True,Site types,Типы объектов,,Нысан түрлері,,,Ýadygärlikleriň görnüşleri,,Trade/commerce,Торговля / коммерция,贸易/商业,Сауда / коммерция,Соода / соода,Савдо / тиҷорат,Söwda/täjirçilik,Savdo / tijorat,Caravanserai,Караван-сарай,商队旅馆/驿站/客栈,Керуен-сарай,Кербен сарай,Корвонсарой,Kerwensaraý,Karvonsaroy,Double courtyard caravanserai,Караван-сарай с двумя дворами,二进院驿站,Екі ауласы бар керуен сарай,Эки короосу бар Кербен-Сарайы,Корвонсарой бо ду ҳавлӣ,Iki howluly kerwensaraý,Ikki hovlili karvonsaroy,,,,,,,,,,,,,,,,,,,,L3|Double courtyard caravanserai|Caravanserai
197,MT-3-0055,L3,MT-2-0014,Single courtyard caravanserai,L3|Single courtyard caravanserai|Caravanserai,True,Site types,Типы объектов,,Нысан түрлері,,,Ýadygärlikleriň görnüşleri,,Trade/commerce,Торговля / коммерция,贸易/商业,Сауда / коммерция,Соода / соода,Савдо / тиҷорат,Söwda/täjirçilik,Savdo / tijorat,Caravanserai,Караван-сарай,商队旅馆/驿站/客栈,Керуен-сарай,Кербен сарай,Корвонсарой,Kerwensaraý,Karvonsaroy,Single courtyard caravanserai,Караван-сарай с одним двором,一进院驿站/独院驿站,Бір ауласы бар керуен сарай,Бир короосу бар Кербен-Сарайы,Корвонсарой бо як ҳавлӣ,Ýeke howluly kerwensaraý,Bir hovlili karvonsaroy,,,,,,,,,,,,,,,,,,,,L3|Single courtyard caravanserai|Caravanserai
198,MT-2-0029,L2,MT-1-0022,Desert camp,L2|Desert camp|Trade/commerce,True,Site types,Типы объектов,,Нысан түрлері,,,Ýadygärlikleriň görnüşleri,,Trade/commerce,Торговля / коммерция,贸易/商业,Сауда / коммерция,Соода / соода,Савдо / тиҷорат,Söwda/täjirçilik,Savdo / tijorat,Desert camp,Пустынный лагерь,沙漠营地,Шөл лагері,Чөл лагери,Лагер дар биёбон,Çöl lageri,Sahro lageri,,,,,,,,,,,,,,,,,,,,,,,,,,,,L2|Desert camp|Trade/commerce
199,MT-2-0030,L2,MT-1-0022,Desert stopping place,L2|Desert stopping place|Trade/commerce,True,Site types,Типы объектов,,Нысан түрлері,,,Ýadygärlikleriň görnüşleri,,Trade/commerce,Торговля / коммерция,贸易/商业,Сауда / коммерция,Соода / соода,Савдо / тиҷорат,Söwda/täjirçilik,Savdo / tijorat,Desert stopping place,Место остановки в пустыни,沙漠休息区/落脚点,Шөл аялдамасы,Чөлгө токтогон жер,Ҷойгоҳи таваққуф дар биёбон,Çölde durulýan ýer,Sahrodagi to‘xtash joy,,,,,,,,,,,,,,,,,,,,,,,,,,,,L2|Desert stopping place|Trade/commerce
200,MT-2-0046,L2,MT-1-0022,Funduq,L2|Funduq|Trade/commerce,True,Site types,Типы объектов,,Нысан түрлері,,,Ýadygärlikleriň görnüşleri,,Trade/commerce,Торговля / коммерция,贸易/商业,Сауда / коммерция,Соода / соода,Савдо / тиҷорат,Söwda/täjirçilik,Savdo / tijorat,Funduq,Фундук,驿站/旅馆,Қойма,Фундук,Фундуқ,Funduk,Funduk yong‘oq,,,,,,,,,,,,,,,,,Another term for caravanserai or inn,Другой термин для караван-сарая или гостиницы,驿站或旅馆的另一种叫法。,Керуен сарайы немесе қонақ үйдің басқа атауы.,Кербен сарайы же мейманкана үчүн башка термин,Истилоҳи дигар барои корвонсарой ё меҳмонхона,Kerwensaraý ýa-da myhmanhana üçin başga bir termin,Karvonsaroy yoki mehmonxona uchun boshqa atama,,,,L2|Funduq|Trade/commerce
201,MT-2-0048,L2,MT-1-0022,Gate,L2|Gate|Trade/commerce,True,Site types,Типы объектов,,Нысан түрлері,,,Ýadygärlikleriň görnüşleri,,Trade/commerce,Торговля / коммерция,贸易/商业,Сауда / коммерция,Соода / соода,Савдо / тиҷорат,Söwda/täjirçilik,Savdo / tijorat,Gate,Ворота,大门,Қақпа,Дарбаза,Дарвоза,Derweze,Darvoza,,,,,,,,,,,,,,,,,,,,,,,,,,,,L2|Gate|Trade/commerce
202,MT-2-0058,L2,MT-1-0022,Hospice,L2|Hospice|Trade/commerce,True,Site types,Типы объектов,,Нысан түрлері,,,Ýadygärlikleriň görnüşleri,,Trade/commerce,Торговля / коммерция,贸易/商业,Сауда / коммерция,Соода / соода,Савдо / тиҷорат,Söwda/täjirçilik,Savdo / tijorat,Hospice,Хоспис,救济院,Хоспис,Хоспис,Осоишгоҳ,Hospis,kasalxona / boshpana,,,,,,,,,,,,,,,,,"A lodging for travellers, especially one run by a religious order.","Жилье для путешественников, особенно тот который управляется религиозным орденом.",旅客住宿的地方，尤指由修道会管理的那些。,"Саяхатшыларға арналған тұрғын үй, әсіресе діни бұйрықпен басқаратын орын.","Саякатчылар үчүн жатакана, айрыкча диний буйрук менен башкарылат.","Ҷойгоҳ барои сайёҳон, бахусус яке аз онҳо, ки бо фармони динӣ идора карда мешавад.","Syýahatçylar üçin ýaşaýyş jaýy, esasanam dini tertip bilen dolandyrylýan jaý.","Sayohatchilar uchun turar joy, diniy idora etiladi.",,,,L2|Hospice|Trade/commerce
203,MT-2-0063,L2,MT-1-0022,Inn,L2|Inn|Trade/commerce,True,Site types,Типы объектов,,Нысан түрлері,,,Ýadygärlikleriň görnüşleri,,Trade/commerce,Торговля / коммерция,贸易/商业,Сауда / коммерция,Соода / соода,Савдо / тиҷорат,Söwda/täjirçilik,Savdo / tijorat,Inn,Гостиница,客栈/旅馆,Қонақ үй,Мейманкана,Меҳмонхона,Myhmanhana,Mehmonxona,,,,,,,,,,,,,,,,,"Structures with short-term lodging for both commercial and non-commercial travellers, and stabling for a small number of their saddle/draft/pack-animals.","Структуры с краткосрочным жильем как для коммерческих, так и для некоммерческих путешественников, и конюшня для небольшого количества их седельных / тягловых / вьючных животных.",为商业和非商业旅客提供短期住宿的场所，配有畜舍，可安置少量役兽/驮兽。,"Қысқа мерзімді тұруға арналған құрылыстар, коммерциялық және коммерциялық емес саяхатшыларға арналған орындар, сондай-ақ олардың бірнеше жүк, көлік немесе салт аттарына арналған атқора.",Коммерциялык жана коммерциялык эмес саякатчылар үчүн кыска мөөнөттүү турак жай структуралары жана алардын аз сандагы  аттын конушу/суу тартышы/жүк ташуучу жаныбарлары үчүн сарай.,"Хонаҳои махсусгардонидашуда барои манзили кӯтоҳмуддати ҳам сайёҳони тиҷоратӣ ва ҳам ғайритиҷоратӣ, инчунин оворҳо барои шумораи зиёди ҳайвонот.",Söwda we täjir däl syýahatçylar üçin gysga möhletli ýaşaýyş jaýlary we az sanly eýer / tirkeg/ ýük haýwanlary üçin at ýataklary. ,"Tijoriy va notijorat sayohatchilarni qisqa muddatli turar joy bilan ta'minlashga ixtisoslashtirilgan binolar, oz sonli miniladigan / yuk tortuvchi / yuk tashuvchi hayvonlari uchun og‘ilxonalar / otxonalar.",,,,L2|Inn|Trade/commerce
204,MT-2-0066,L2,MT-1-0022,Karun,L2|Karun|Trade/commerce,True,Site types,Типы объектов,,Нысан түрлері,,,Ýadygärlikleriň görnüşleri,,Trade/commerce,Торговля / коммерция,贸易/商业,Сауда / коммерция,Соода / соода,Савдо / тиҷорат,Söwda/täjirçilik,Savdo / tijorat,Karun,Карун,卡伦,Карун,Карун,Карун,Karun,Karun (?),,,,,,,,,,,,,,,,,,,,,,,,,,,,L2|Karun|Trade/commerce
205,MT-2-0067,L2,MT-1-0022,Khan,L2|Khan|Trade/commerce,True,Site types,Типы объектов,,Нысан түрлері,,,Ýadygärlikleriň görnüşleri,,Trade/commerce,Торговля / коммерция,贸易/商业,Сауда / коммерция,Соода / соода,Савдо / тиҷорат,Söwda/täjirçilik,Savdo / tijorat,Khan,Хан,商队客店/小客栈,Хан,Хан,Хон,Han,Xon,,,,,,,,,,,,,,,,,"Dedicated structure, normally within urban areas, with short-term lodging for commercial travellers, storage/warehousing, and sometimes stabling for a large number of their saddle/draft/pack-animals.","Выделенная структура, обычно в городских районах, с краткосрочным жильем для коммерческих путешественников, хранением / складированием, а иногда и конюшней для большого количества их седельных / тягловых / вьючных животных",通常坐落于城区范围内，专为商业和非商业旅客提供短期住宿的场所，配有仓储/仓库，有时有畜舍，可安置大量役兽/驮兽。,"Көбінесе қалалық аймақтарда орналасқан, коммерциялық саяхатшылар үшін қысқа мерзімді тұрғын үйге, сақтау қоймасына және кейде көптеген жүк, көлік немесе салт аттарына арналған атқораға арналған арнайы құрылыс.","Адатта шаардык жерлерде, Коммерциялык саякатчылар үчүн кыска мөөнөттүү турак-жай менен атайын структура, сактоо / жыйноо, алардын көп сандаган аттын конушу/жүк ташуучу/жүк ташуучу жаныбарлары үчүн сарай.","Сохтори махсус, одатан дар дохили шаҳрҳо, бо манзили кӯтоҳмуддат барои сайёҳони тиҷоратӣ, нигаҳдорӣ/анбор ва баъзан барои шумораи зиёди зин/тарма/ҳайвоноти бастаи онҳо.","Adatça şäher ýerlerinde, täjirçilik syýahatçylary üçin gysga möhletli ýaşaýyş jaýy, ammar / ammar we kämahal eýer / tirkeg/ ýük haýwanlary üçin ýörite at ýataklary.","Maxsus tuzilma, odatda shaharlarda, tijorat sayohatchilari uchun qisqa muddatli turar joy, saqlash/omborxona, baʼzan esa koʻp sonli miniladigan/yuk tortuvchi/yuk ko‘taruvchi hayvonlari uchun og‘ilxona / otxona.",,,,L2|Khan|Trade/commerce
206,MT-2-0075,L2,MT-1-0022,Market,L2|Market|Trade/commerce,True,Site types,Типы объектов,,Нысан түрлері,,,Ýadygärlikleriň görnüşleri,,Trade/commerce,Торговля / коммерция,贸易/商业,Сауда / коммерция,Соода / соода,Савдо / тиҷорат,Söwda/täjirçilik,Savdo / tijorat,Market,Рынок,市场,Базар,Базар,Бозор,Bazar,Bozor,,,,,,,,,,,,,,,,,,,,,,,,,,,,L2|Market|Trade/commerce
207,MT-3-0005,L3,MT-2-0075,Bazaar,L3|Bazaar|Market,True,Site types,Типы объектов,,Нысан түрлері,,,Ýadygärlikleriň görnüşleri,,Trade/commerce,Торговля / коммерция,贸易/商业,Сауда / коммерция,Соода / соода,Савдо / тиҷорат,Söwda/täjirçilik,Savdo / tijorat,Market,Рынок,市场,Базар,Базар,Бозор,Bazar,Bozor,Bazaar,Базар,巴扎/集市,Базар,Базар,Бозор,Bazar,Bozor,,,,,,,,,,,,,,,,,,,,L3|Bazaar|Market
208,MT-2-0090,L2,MT-1-0022,Path/Track,L2|Path/Track|Trade/commerce,True,Site types,Типы объектов,,Нысан түрлері,,,Ýadygärlikleriň görnüşleri,,Trade/commerce,Торговля / коммерция,贸易/商业,Сауда / коммерция,Соода / соода,Савдо / тиҷорат,Söwda/täjirçilik,Savdo / tijorat,Path/Track,Путь / Тропа,通道/路径,Жол / Соқпақ,Жолдор,Роҳ / Масир,Ýol / Ýoda,so‘qmoq / iz,,,,,,,,,,,,,,,,,,,,,,,,,,,,L2|Path/Track|Trade/commerce
209,MT-2-0097,L2,MT-1-0022,Road,L2|Road|Trade/commerce,True,Site types,Типы объектов,,Нысан түрлері,,,Ýadygärlikleriň görnüşleri,,Trade/commerce,Торговля / коммерция,贸易/商业,Сауда / коммерция,Соода / соода,Савдо / тиҷорат,Söwda/täjirçilik,Savdo / tijorat,Road,Дорога,路,Көше,Жолдор,Роҳ,Ýol,yo‘l,,,,,,,,,,,,,,,,,,,,,,,,,,,,L2|Road|Trade/commerce
210,MT-2-0104,L2,MT-1-0022,Shop,L2|Shop|Trade/commerce,True,Site types,Типы объектов,,Нысан түрлері,,,Ýadygärlikleriň görnüşleri,,Trade/commerce,Торговля / коммерция,贸易/商业,Сауда / коммерция,Соода / соода,Савдо / тиҷорат,Söwda/täjirçilik,Savdo / tijorat,Shop,Магазин,商店,Дүкен,Дүкөн,Мағоза,Dükan,do‘kon,,,,,,,,,,,,,,,,,,,,,,,,,,,,L2|Shop|Trade/commerce
211,MT-2-0111,L2,MT-1-0022,Stopping place,L2|Stopping place|Trade/commerce,True,Site types,Типы объектов,,Нысан түрлері,,,Ýadygärlikleriň görnüşleri,,Trade/commerce,Торговля / коммерция,贸易/商业,Сауда / коммерция,Соода / соода,Савдо / тиҷорат,Söwda/täjirçilik,Savdo / tijorat,Stopping place,Место остановки,休息区/落脚点,Аялдама,Токтой турган жер,Ҷойи таввақуф,Durulýan ýer,karvonsaroy / to‘xtash joyi,,,,,,,,,,,,,,,,,,,,,,,,,,,,L2|Stopping place|Trade/commerce
212,MT-2-0126,L2,MT-1-0022,Warehouse,L2|Warehouse|Trade/commerce,True,Site types,Типы объектов,,Нысан түрлері,,,Ýadygärlikleriň görnüşleri,,Trade/commerce,Торговля / коммерция,贸易/商业,Сауда / коммерция,Соода / соода,Савдо / тиҷорат,Söwda/täjirçilik,Savdo / tijorat,Warehouse,Склад,仓库,Қойма,Кампа,Анбор,Ammar,Ombor,,,,,,,,,,,,,,,,,,,,,,,,,,,,L2|Warehouse|Trade/commerce
213,MT-2-0131,L2,MT-1-0022,Waystation,L2|Waystation|Trade/commerce,True,Site types,Типы объектов,,Нысан түрлері,,,Ýadygärlikleriň görnüşleri,,Trade/commerce,Торговля / коммерция,贸易/商业,Сауда / коммерция,Соода / соода,Савдо / тиҷорат,Söwda/täjirçilik,Savdo / tijorat,Waystation,Промежуточная станция,小站,Аралық бекет,Аралык станция,Истгоҳи роҳ,Aralyk duralga,Bekat,,,,,,,,,,,,,,,,,,,,,,,,,,,,L2|Waystation|Trade/commerce
214,MT-2-0132,L2,MT-1-0022,Wharf,L2|Wharf|Trade/commerce,True,Site types,Типы объектов,,Нысан түрлері,,,Ýadygärlikleriň görnüşleri,,Trade/commerce,Торговля / коммерция,贸易/商业,Сауда / коммерция,Соода / соода,Савдо / тиҷорат,Söwda/täjirçilik,Savdo / tijorat,Wharf,Пристань,码头,Айлақ,Кеме токтоочу жай,Истгоҳ,Gämi duralgasy,pristan,,,,,,,,,,,,,,,,,,,,,,,,,,,,L2|Wharf|Trade/commerce
215,,,,,,,Site types,Типы объектов,,Нысан түрлері,,,Ýadygärlikleriň görnüşleri,,Trade/commerce,Торговля / коммерция,贸易/商业,Сауда / коммерция,Соода / соода,Савдо / тиҷорат,Söwda/täjirçilik,Savdo / tijorat,Workshop,Мастерская,车间/作坊,Шеберхана,Устакана,Устохона,Ussahana,ustaxona,,,,,,,,,,,,,,,,,,,,,,,,,,,,L2|Workshop|Trade/commerce
216,MT-3-0013,L3,MT-2-0133,Carpet weavers workshop,L3|Carpet weavers workshop|Workshop,True,Site types,Типы объектов,,Нысан түрлері,,,Ýadygärlikleriň görnüşleri,,Trade/commerce,Торговля / коммерция,贸易/商业,Сауда / коммерция,Соода / соода,Савдо / тиҷорат,Söwda/täjirçilik,Savdo / tijorat,Workshop,Мастерская,车间/作坊,Шеберхана,Устакана,Устохона,Ussahana,ustaxona,Carpet weavers workshop,ткацкий цех,地毯织工坊,Тоқыма цехы,Токуу цехи,Коргоҳӣ қолинбофӣ,Haly dokma sehi,Gilam to‘qish ustaxonasi,,,,,,,,,,,,,,,,,,,,L3|Carpet weavers workshop|Workshop
217,MT-1-0023,L1,,Water supply and disposal,L1|Water supply and disposal|NA,True,Site types,Типы объектов,,Нысан түрлері,,,Ýadygärlikleriň görnüşleri,,Water supply and disposal,Водоснабжение и водоотведение,给排水,Сумен жабдықтау және су бұру,Суу менен камсыздоо жана саркынды сууларды чыгаруу,Таъмини об ва партов,Suw üpjünçiligi we zeýkeş,Suv ta'minoti va drenaj,,,,,,,,,,,,,,,,,,,,,,,,,,,,,,,,,,,,L1|Water supply and disposal|NA
218,MT-2-0018,L2,MT-1-0023,Cess pit,L2|Cess pit|Water supply and disposal,True,Site types,Типы объектов,,Нысан түрлері,,,Ýadygärlikleriň görnüşleri,,Water supply and disposal,Водоснабжение и водоотведение,给排水,Сумен жабдықтау және су бұру,Суу менен камсыздоо жана саркынды сууларды чыгаруу,Таъмини об ва партов,Suw üpjünçiligi we zeýkeş,Suv ta'minoti va drenaj,Cess pit,Выгребная яма,污水坑/粪凼,Кәріз шұңқыры,Чуңкур,Чоҳи обгир,Hapa çukury,Badrab,,,,,,,,,,,,,,,,,,,,,,,,,,,,L2|Cess pit|Water supply and disposal
219,MT-2-0028,L2,MT-1-0023,Dam,L2|Dam|Water supply and disposal,True,Site types,Типы объектов,,Нысан түрлері,,,Ýadygärlikleriň görnüşleri,,Water supply and disposal,Водоснабжение и водоотведение,给排水,Сумен жабдықтау және су бұру,Суу менен камсыздоо жана саркынды сууларды чыгаруу,Таъмини об ва партов,Suw üpjünçiligi we zeýkeş,Suv ta'minoti va drenaj,Dam,Дамба,水坝/大坝,Бөгет,Дамба,Сарбанд,Bent,band / to‘g‘on,,,,,,,,,,,,,,,,,,,,,,,,,,,,L2|Dam|Water supply and disposal
220,MT-2-0034,L2,MT-1-0023,Drain,L2|Drain|Water supply and disposal,True,Site types,Типы объектов,,Нысан түрлері,,,Ýadygärlikleriň görnüşleri,,Water supply and disposal,Водоснабжение и водоотведение,给排水,Сумен жабдықтау және су бұру,Суу менен камсыздоо жана саркынды сууларды чыгаруу,Таъмини об ва партов,Suw üpjünçiligi we zeýkeş,Suv ta'minoti va drenaj,Drain,Дренаж,排水管,Су ағызу жүйесі,Дренаж,Дренаж,Drenaž,Drenaj,,,,,,,,,,,,,,,,,,,,,,,,,,,,L2|Drain|Water supply and disposal
221,MT-2-0103,L2,MT-1-0023,Sewer,L2|Sewer|Water supply and disposal,True,Site types,Типы объектов,,Нысан түрлері,,,Ýadygärlikleriň görnüşleri,,Water supply and disposal,Водоснабжение и водоотведение,给排水,Сумен жабдықтау және су бұру,Суу менен камсыздоо жана саркынды сууларды чыгаруу,Таъмини об ва партов,Suw üpjünçiligi we zeýkeş,Suv ta'minoti va drenaj,Sewer,Канализация,下水道,Кәріз,Канализация тутуму,Канализатсия,Lagym,Kanalizatsiya,,,,,,,,,,,,,,,,,,,,,,,,,,,,L2|Sewer|Water supply and disposal
222,MT-2-0128,L2,MT-1-0023,Water source,L2|Water source|Water supply and disposal,True,Site types,Типы объектов,,Нысан түрлері,,,Ýadygärlikleriň görnüşleri,,Water supply and disposal,Водоснабжение и водоотведение,给排水,Сумен жабдықтау және су бұру,Суу менен камсыздоо жана саркынды сууларды чыгаруу,Таъмини об ва партов,Suw üpjünçiligi we zeýkeş,Suv ta'minoti va drenaj,Water source,Источник воды,水源,Су көзі,Суу булагы,Манбаи об,Suwuň çeşmesi,Buloq,,,,,,,,,,,,,,,,,,,,,,,,,,,,L2|Water source|Water supply and disposal
223,MT-2-0129,L2,MT-1-0023,Water storage,L2|Water storage|Water supply and disposal,True,Site types,Типы объектов,,Нысан түрлері,,,Ýadygärlikleriň görnüşleri,,Water supply and disposal,Водоснабжение и водоотведение,给排水,Сумен жабдықтау және су бұру,Суу менен камсыздоо жана саркынды сууларды чыгаруу,Таъмини об ва партов,Suw üpjünçiligi we zeýkeş,Suv ta'minoti va drenaj,Water storage,Хранение воды,储水,Су қоймасы,Суу сактагыч,Нигоҳдории об,Suw saklanylyan ýer,Suv saqlash,,,,,,,,,,,,,,,,,,,,,,,,,,,,L2|Water storage|Water supply and disposal
224,MT-3-0020,L3,MT-2-0129,Cistern,L3|Cistern|Water storage,True,Site types,Типы объектов,,Нысан түрлері,,,Ýadygärlikleriň görnüşleri,,Water supply and disposal,Водоснабжение и водоотведение,给排水,Сумен жабдықтау және су бұру,Суу менен камсыздоо жана саркынды сууларды чыгаруу,Таъмини об ва партов,Suw üpjünçiligi we zeýkeş,Suv ta'minoti va drenaj,Water storage,Хранение воды,储水,Су қоймасы,Суу сактагыч,Нигоҳдории об,Suw saklanylyan ýer,Suv saqlash,Cistern,Цистерна,水池,Цистерна,Суу сактагыч,Систерна,Sisterna,Sardoba / suvidish,,,,,,,,,,,,,,,,,,,,L3|Cistern|Water storage
225,MT-3-0047,L3,MT-2-0129,Pond,L3|Pond|Water storage,True,Site types,Типы объектов,,Нысан түрлері,,,Ýadygärlikleriň görnüşleri,,Water supply and disposal,Водоснабжение и водоотведение,给排水,Сумен жабдықтау және су бұру,Суу менен камсыздоо жана саркынды сууларды чыгаруу,Таъмини об ва партов,Suw üpjünçiligi we zeýkeş,Suv ta'minoti va drenaj,Water storage,Хранение воды,储水,Су қоймасы,Суу сактагыч,Нигоҳдории об,Suw saklanylyan ýer,Suv saqlash,Pond,пруд,池塘,Көлшік,көлмө,Ҳавз,Howuz,ko‘lmak,,,,,,,,,,,,,,,,,,,,L3|Pond|Water storage
226,MT-3-0051,L3,MT-2-0129,Reservoir,L3|Reservoir|Water storage,True,Site types,Типы объектов,,Нысан түрлері,,,Ýadygärlikleriň görnüşleri,,Water supply and disposal,Водоснабжение и водоотведение,给排水,Сумен жабдықтау және су бұру,Суу менен камсыздоо жана саркынды сууларды чыгаруу,Таъмини об ва партов,Suw üpjünçiligi we zeýkeş,Suv ta'minoti va drenaj,Water storage,Хранение воды,储水,Су қоймасы,Суу сактагыч,Нигоҳдории об,Suw saklanylyan ýer,Suv saqlash,Reservoir,Водохранилище,水库,Су қоймасы,Суу сактагыч,Обанбор,Suw howdany,Suv ombori,,,,,,,,,,,,,,,,,,,,L3|Reservoir|Water storage
227,MT-3-0053,L3,MT-2-0129,Sardoba,L3|Sardoba|Water storage,True,Site types,Типы объектов,,Нысан түрлері,,,Ýadygärlikleriň görnüşleri,,Water supply and disposal,Водоснабжение и водоотведение,给排水,Сумен жабдықтау және су бұру,Суу менен камсыздоо жана саркынды сууларды чыгаруу,Таъмини об ва партов,Suw üpjünçiligi we zeýkeş,Suv ta'minoti va drenaj,Water storage,Хранение воды,储水,Су қоймасы,Суу сактагыч,Нигоҳдории об,Suw saklanylyan ýer,Suv saqlash,Sardoba,Сардоба,拱顶蓄水池,Сардоба,Сардоба,Сардоба,Sardoba,Sardoba,,,,,,,,,,,,,,,,,,,,L3|Sardoba|Water storage
228,MT-3-0064,L3,MT-2-0129,Water tank,L3|Water tank|Water storage,True,Site types,Типы объектов,,Нысан түрлері,,,Ýadygärlikleriň görnüşleri,,Water supply and disposal,Водоснабжение и водоотведение,给排水,Сумен жабдықтау және су бұру,Суу менен камсыздоо жана саркынды сууларды чыгаруу,Таъмини об ва партов,Suw üpjünçiligi we zeýkeş,Suv ta'minoti va drenaj,Water storage,Хранение воды,储水,Су қоймасы,Суу сактагыч,Нигоҳдории об,Suw saklanylyan ýer,Suv saqlash,Water tank,Резервуар,水箱,Резервуар,Суу резервуары,Зарфи об,Rezerwuar,Suv idish / xum (suv uchun),,,,,,,,,,,,,,,,,,,,L3|Water tank|Water storage
229,MT-3-0066,L3,MT-2-0129,Well,L3|Well|Water storage,True,Site types,Типы объектов,,Нысан түрлері,,,Ýadygärlikleriň görnüşleri,,Water supply and disposal,Водоснабжение и водоотведение,给排水,Сумен жабдықтау және су бұру,Суу менен камсыздоо жана саркынды сууларды чыгаруу,Таъмини об ва партов,Suw üpjünçiligi we zeýkeş,Suv ta'minoti va drenaj,Water storage,Хранение воды,储水,Су қоймасы,Суу сактагыч,Нигоҳдории об,Suw saklanylyan ýer,Suv saqlash,Well,Колодец,井,Құдық,Кудук ,Чоҳи об,Guýy,Quduq,,,,,,,,,,,,,,,,,,,,L3|Well|Water storage
230,MT-2-0130,L2,MT-1-0023,Watercourse,L2|Watercourse|Water supply and disposal,True,Site types,Типы объектов,,Нысан түрлері,,,Ýadygärlikleriň görnüşleri,,Water supply and disposal,Водоснабжение и водоотведение,给排水,Сумен жабдықтау және су бұру,Суу менен камсыздоо жана саркынды сууларды чыгаруу,Таъмини об ва партов,Suw üpjünçiligi we zeýkeş,Suv ta'minoti va drenaj,Watercourse,Течение воды,河道/水道,Су ағыны,Суу агымы,Ҷараёни об,Suw akabasy,suv oqimi,,,,,,,,,,,,,,,,,,,,,,,,,,,,L2|Watercourse|Water supply and disposal
231,MT-3-0002,L3,MT-2-0130,Aqueduct,L3|Aqueduct|Watercourse,True,Site types,Типы объектов,,Нысан түрлері,,,Ýadygärlikleriň görnüşleri,,Water supply and disposal,Водоснабжение и водоотведение,给排水,Сумен жабдықтау және су бұру,Суу менен камсыздоо жана саркынды сууларды чыгаруу,Таъмини об ва партов,Suw üpjünçiligi we zeýkeş,Suv ta'minoti va drenaj,Watercourse,Течение воды,河道/水道,Су ағыны,Суу агымы,Ҷараёни об,Suw akabasy,suv oqimi,Aqueduct,Акведук,渡槽/高架渠,Акведук,Акведук,Акведук,Akwedakt,Koriz / akveduk,,,,,,,,,,,,,,,,,,,,L3|Aqueduct|Watercourse
232,MT-3-0012,L3,MT-2-0130,Canal,L3|Canal|Watercourse,True,Site types,Типы объектов,,Нысан түрлері,,,Ýadygärlikleriň görnüşleri,,Water supply and disposal,Водоснабжение и водоотведение,给排水,Сумен жабдықтау және су бұру,Суу менен камсыздоо жана саркынды сууларды чыгаруу,Таъмини об ва партов,Suw üpjünçiligi we zeýkeş,Suv ta'minoti va drenaj,Watercourse,Течение воды,河道/水道,Су ағыны,Суу агымы,Ҷараёни об,Suw akabasy,suv oqimi,Canal,Канал,运河,Канал,Канал,Наҳр,Kanal,Kanal,,,,,,,,,,,,,,,,,,,,L3|Canal|Watercourse
233,MT-3-0045,L3,MT-2-0130,Palaeochannel,L3|Palaeochannel|Watercourse,True,Site types,Типы объектов,,Нысан түрлері,,,Ýadygärlikleriň görnüşleri,,Water supply and disposal,Водоснабжение и водоотведение,给排水,Сумен жабдықтау және су бұру,Суу менен камсыздоо жана саркынды сууларды чыгаруу,Таъмини об ва партов,Suw üpjünçiligi we zeýkeş,Suv ta'minoti va drenaj,Watercourse,Течение воды,河道/水道,Су ағыны,Суу агымы,Ҷараёни об,Suw akabasy,suv oqimi,Palaeochannel,Палеоканал,古河道,Палеоканал/Ескі арна,Палеоканал,Палеоканал,Paleokanal,qadimgi o‘zan,,,,,,,,,The course or channel of a river or stream preserved as a soil feature,"Течение или русло реки или ручья, сохраненные в качестве элемента почвы",干涸保存并呈现出土地特征的河道、水路。,Жер элементі ретінде сақталған өзеннің немесе бұлақтың арнасы немесе бағыты.,Топурак элементи катары сакталган дарыя же арыктын агымы же нугу,"Маҷрои дарё ё ҷӯйбор, ки ҳамчун унсури хок нигоҳ дошта мешавад",Toprak aýratynlygy hökmünde saklanyp galan derýanyň ýa-da çeşmäniň akymy ýa-da düýbi,Tuproq xususiyati sifatida saqlanib qolgan daryo yoki soyning yoʻnalishi yoki oʻzani,,,,L3|Palaeochannel|Watercourse
234,MT-3-0049,L3,MT-2-0130,Qanat,L3|Qanat|Watercourse,True,Site types,Типы объектов,,Нысан түрлері,,,Ýadygärlikleriň görnüşleri,,Water supply and disposal,Водоснабжение и водоотведение,给排水,Сумен жабдықтау және су бұру,Суу менен камсыздоо жана саркынды сууларды чыгаруу,Таъмини об ва партов,Suw üpjünçiligi we zeýkeş,Suv ta'minoti va drenaj,Watercourse,Течение воды,河道/水道,Су ағыны,Суу агымы,Ҷараёни об,Suw akabasy,suv oqimi,Qanat,Канат / Кяриз,坎儿井,Канат / Кәріз (жерасты су арнасы),Киряз/Карез,Канат / Корез,Käriz,Koriz,,,,,,,,,,,,,,,,,,,,L3|Qanat|Watercourse
235,MT-3-0057,L3,MT-2-0130,Stream,L3|Stream|Watercourse,True,Site types,Типы объектов,,Нысан түрлері,,,Ýadygärlikleriň görnüşleri,,Water supply and disposal,Водоснабжение и водоотведение,给排水,Сумен жабдықтау және су бұру,Суу менен камсыздоо жана саркынды сууларды чыгаруу,Таъмини об ва партов,Suw üpjünçiligi we zeýkeş,Suv ta'minoti va drenaj,Watercourse,Течение воды,河道/水道,Су ағыны,Суу агымы,Ҷараёни об,Suw akabasy,suv oqimi,Stream,Ручей,溪流,Ағыс,Агым,Ҷараён,Çeşme / akym,Oqim,,,,,,,,,,,,,,,,,,,,L3|Stream|Watercourse
